#{"t_start": 1760901452.8192792, "env_id": "HalfCheetah-v5"}
r,l,t
1606.486392,1000,1.376898
1550.89605,1000,2.192465
1578.393447,1000,6.180603
1579.483825,1000,6.947859
1607.255661,1000,11.147267
1590.785577,1000,12.003569
1638.919633,1000,16.060998
1548.519944,1000,16.855152
1597.564238,1000,22.271828
1590.032221,1000,23.253051
1611.338675,1000,29.860419
1583.46054,1000,30.728047
1587.314738,1000,38.692552
1556.88446,1000,39.61877
1563.552116,1000,44.652633
1584.465391,1000,45.439505
1481.052003,1000,49.058539
1605.649309,1000,49.882936
1630.240095,1000,54.189462
1548.692844,1000,54.955075
1598.057846,1000,58.732706
1590.151704,1000,59.465865
1543.092263,1000,63.102047
1666.724991,1000,63.85953
1588.652113,1000,67.599963
1537.722526,1000,68.317415
1551.158049,1000,72.178315
1570.467364,1000,72.941164
1615.09451,1000,77.046489
1613.780422,1000,77.798203
1620.227549,1000,83.136429
1554.259671,1000,83.960566
1652.531673,1000,89.320408
1623.077657,1000,90.175626
1594.894239,1000,94.358509
1618.55265,1000,95.196986
1614.953167,1000,99.403957
1656.78302,1000,100.223393
1518.683955,1000,104.07446
1609.579673,1000,104.880629
1572.388084,1000,108.585408
1503.656595,1000,109.344837
1588.753691,1000,110.115326
1597.719108,1000,114.471458
1528.032944,1000,115.336875
1543.880616,1000,119.942252
1613.988546,1000,120.705181
1679.775043,1000,125.097732
1661.094798,1000,125.86068
1566.92293,1000,129.5032
1589.418085,1000,130.335457
1584.417564,1000,134.038059
1616.361274,1000,134.827605
1622.784555,1000,138.549288
1593.822113,1000,139.321946
1626.752494,1000,143.561587
1579.492186,1000,144.352499
1629.541836,1000,148.974158
1598.531878,1000,149.78071
1597.011672,1000,154.074005
1589.850776,1000,154.876316
1601.046316,1000,158.396359
1566.048785,1000,159.179791
1598.207138,1000,162.952039
1602.699003,1000,163.702787
1575.180905,1000,168.304208
1544.371068,1000,169.139621
1558.527379,1000,173.760153
1584.241777,1000,174.529341
1609.372271,1000,179.108911
1613.602975,1000,179.893193
1613.594421,1000,184.582291
1526.100194,1000,185.364009
1635.938421,1000,189.385658
1566.531149,1000,190.173358
1614.543203,1000,194.87108
1597.610809,1000,195.761416
1624.062273,1000,199.999835
1540.238823,1000,200.798422
1573.119867,1000,205.39315
1582.5148,1000,206.136747
1573.785658,1000,212.561172
1619.457884,1000,213.344992
1569.672451,1000,216.957321
1626.271662,1000,217.743428
1521.115344,1000,218.523732
1590.742531,1000,223.220049
1608.411653,1000,223.958569
1679.672372,1000,228.042333
1677.864415,1000,228.789214
1618.788931,1000,232.645676
1616.871416,1000,233.4369
1550.50264,1000,237.012255
1617.443234,1000,237.873582
1648.683305,1000,241.670581
1646.285848,1000,242.466765
1631.24793,1000,246.073453
1565.598275,1000,246.882042
1577.654651,1000,250.417012
1592.048144,1000,251.212674
1585.807198,1000,256.27429
1556.891725,1000,257.153729
1595.324248,1000,263.565212
1615.236292,1000,264.441214
1578.732711,1000,271.756484
1564.820798,1000,272.639751
1654.0153,1000,279.568455
1617.637663,1000,280.368153
1506.544963,1000,284.567235
1553.239701,1000,285.35916
1666.506917,1000,288.94006
1633.863827,1000,289.72841
1628.329816,1000,294.534213
1583.366725,1000,295.253931
1648.734038,1000,298.968678
1598.865609,1000,299.722652
1656.108353,1000,304.159055
1610.431494,1000,304.923154
1655.993433,1000,309.059487
1610.893132,1000,309.836006
1590.023199,1000,313.788514
1647.27116,1000,314.58649
1614.201831,1000,318.9649
1668.290209,1000,319.737462
1627.627386,1000,323.30529
1657.835985,1000,324.130711
1620.111923,1000,328.086561
1650.927241,1000,328.812123
1676.889362,1000,329.579512
1654.784502,1000,333.141407
1655.287389,1000,333.924676
1650.243543,1000,337.487601
1635.937947,1000,338.294617
1619.84668,1000,341.911653
1638.112955,1000,342.688883
1598.066643,1000,347.676988
1590.409427,1000,348.444444
1659.400387,1000,352.014651
1687.850903,1000,352.790515
1661.527185,1000,356.384747
1621.760306,1000,357.181048
1675.581612,1000,361.520476
1626.563043,1000,362.332007
1638.977358,1000,365.86804
1592.415244,1000,366.630953
1670.408307,1000,370.523624
1669.579151,1000,371.29378
1662.436323,1000,374.868201
1604.49777,1000,375.662905
1632.088315,1000,379.589747
1624.077199,1000,380.387027
1599.492591,1000,384.009973
1654.005495,1000,384.83422
1595.655235,1000,388.391894
1646.170893,1000,389.191036
1608.085763,1000,392.770139
1638.449602,1000,393.535427
1637.789978,1000,399.173288
1644.565882,1000,400.109165
1610.664628,1000,405.533092
1603.969676,1000,406.377957
1649.170945,1000,412.698314
1642.959999,1000,413.581955
1386.815404,1000,417.497286
1640.225326,1000,418.333197
1660.249059,1000,423.866811
1591.14568,1000,424.68408
1679.712558,1000,430.26418
1658.080346,1000,431.110917
1596.19986,1000,436.258128
1649.117023,1000,437.041463
1621.566491,1000,437.84876
1625.318482,1000,442.828708
1652.375802,1000,443.629258
1540.002007,1000,449.714317
1647.000764,1000,450.507293
1668.679868,1000,456.719637
1609.732748,1000,457.637273
1589.454507,1000,463.163733
1675.577634,1000,463.900321
1595.139825,1000,468.534749
1657.966997,1000,469.378413
1449.210684,1000,473.961404
1670.867131,1000,474.763218
1642.897023,1000,478.962702
1638.284052,1000,479.795946
1639.852213,1000,484.812492
1636.306509,1000,485.756814
1628.712356,1000,490.868584
1515.958841,1000,491.621994
1671.140289,1000,495.261204
1489.752902,1000,496.031015
1617.34596,1000,499.737305
1657.514205,1000,500.51438
1628.757169,1000,504.726211
1654.53794,1000,505.532453
1615.740054,1000,509.251068
1448.926285,1000,510.079683
1656.47419,1000,514.320822
1700.3082,1000,515.205312
1618.110252,1000,519.703411
1661.411115,1000,520.45702
1672.048987,1000,524.061777
1674.941218,1000,524.900232
1662.913062,1000,528.558785
1597.266661,1000,529.356442
1654.776006,1000,533.156245
1649.760492,1000,533.918517
1380.386029,1000,537.515483
1641.377024,1000,538.30426
1633.199256,1000,542.023939
1645.647441,1000,542.824531
1655.164083,1000,546.414857
1304.498019,1000,547.17111
1638.211803,1000,547.948001
1588.236257,1000,551.662196
1646.943909,1000,552.455021
1635.284733,1000,556.122652
1645.655102,1000,556.899354
1590.144299,1000,560.618901
1684.846354,1000,561.401352
1637.848062,1000,566.126808
732.442612,1000,566.902774
1664.067196,1000,571.393466
1663.80147,1000,572.141133
1690.229773,1000,576.968594
1623.21493,1000,577.688677
1730.866428,1000,581.310659
1662.074104,1000,582.120842
1649.581242,1000,586.067153
1640.190304,1000,586.859712
1627.155887,1000,591.230303
1627.83152,1000,591.975899
1657.12607,1000,596.369426
1680.622834,1000,597.134024
1552.29922,1000,600.647218
1624.059192,1000,601.409992
1630.405943,1000,605.864369
1566.152035,1000,606.599602
1598.965398,1000,611.327137
1487.814582,1000,612.098284
1629.313366,1000,615.703415
1575.221375,1000,616.484107
1676.230148,1000,620.044622
1660.941076,1000,620.848089
1622.049249,1000,624.368809
1451.147348,1000,625.10044
1640.571254,1000,628.79967
1663.258331,1000,629.545184
1322.807669,1000,633.95787
1515.956533,1000,634.701119
1681.468539,1000,638.399782
1595.973875,1000,639.138963
1662.871344,1000,642.734483
1518.024042,1000,643.485149
1635.083614,1000,644.258409
1538.737851,1000,647.821008
1652.389386,1000,648.624743
1613.681825,1000,652.30262
1701.735892,1000,653.064469
1595.646906,1000,656.678132
1671.007501,1000,657.447894
1690.88536,1000,661.00714
1429.241634,1000,661.776358
1603.341869,1000,665.863828
1618.680048,1000,666.60167
1676.242296,1000,670.541809
1494.79903,1000,671.345364
1613.304641,1000,675.455934
1587.841712,1000,676.178676
1668.279866,1000,679.821488
1615.052695,1000,680.61618
1605.4713,1000,684.265058
1622.023879,1000,685.00107
1607.939639,1000,688.625444
1633.431355,1000,689.413994
1697.770043,1000,693.053973
1607.177311,1000,693.857162
1647.524862,1000,698.616668
1629.952538,1000,699.400889
1661.662135,1000,702.971348
1649.163504,1000,703.753923
1667.284064,1000,708.381334
1687.090321,1000,709.151492
1645.696721,1000,712.664679
1567.473841,1000,713.479704
1622.209154,1000,717.011517
1657.035172,1000,717.791508
1643.298941,1000,721.280097
1649.200596,1000,722.03541
1633.434459,1000,725.586968
1633.423983,1000,726.343454
1612.810008,1000,731.208152
1653.682719,1000,732.011339
1620.332229,1000,735.729036
1569.705397,1000,736.505971
1637.366032,1000,740.081443
1581.932179,1000,740.973204
1693.135725,1000,741.794454
1618.224473,1000,746.407574
1641.809256,1000,747.180712
1595.610609,1000,751.50509
1665.667682,1000,752.317061
1608.671429,1000,756.648782
1624.872803,1000,757.421572
1639.737006,1000,760.92726
1637.853966,1000,761.736895
1682.135123,1000,765.66432
1654.233178,1000,766.509988
1686.237798,1000,770.884681
1666.22006,1000,771.657596
1661.716946,1000,775.761484
1642.713863,1000,776.575336
1620.437991,1000,780.917651
1697.80476,1000,781.703515
1656.836504,1000,785.285256
1596.039511,1000,786.07027
1702.170634,1000,789.620495
1684.226088,1000,790.40644
1682.733635,1000,793.98424
1643.980136,1000,794.761382
1585.442915,1000,798.33556
1656.215956,1000,799.137475
1678.20047,1000,802.788632
1641.865442,1000,803.616275
1555.332148,1000,808.520962
1605.38647,1000,809.25883
1646.114412,1000,812.761251
1643.56861,1000,813.581902
1668.367636,1000,817.124762
1683.947401,1000,817.896941
1672.489812,1000,822.226793
1647.8309,1000,823.015047
1646.6538,1000,826.633566
1703.194844,1000,827.42959
1674.146086,1000,831.009845
1680.048804,1000,831.739592
1706.850193,1000,835.356091
1681.552332,1000,836.07665
1665.001896,1000,839.70713
1572.623402,1000,840.502074
1693.780303,1000,841.27735
1686.024724,1000,845.604624
1649.355045,1000,846.362685
1667.865666,1000,850.426625
1683.452491,1000,851.187022
1658.293292,1000,855.062086
1635.414907,1000,855.861828
1683.204565,1000,859.947618
1680.582473,1000,860.72901
1688.565894,1000,864.308009
1670.670113,1000,865.034689
1666.04052,1000,869.20116
1668.820462,1000,870.005884
1689.002569,1000,873.497243
1687.540232,1000,874.271842
1718.174253,1000,877.826935
1605.709269,1000,878.6068
1656.314334,1000,882.455137
1638.647079,1000,883.235957
1691.770931,1000,886.764591
1690.780671,1000,887.546916
1644.072844,1000,891.160884
1708.285133,1000,891.956922
1544.424963,1000,895.537199
1678.417059,1000,896.347532
1675.96839,1000,900.373084
1638.644807,1000,901.113241
1678.05332,1000,904.653729
1630.767571,1000,905.419018
1658.963598,1000,908.944813
1690.32765,1000,909.700964
1621.319752,1000,913.28954
1635.719177,1000,914.085133
1663.09588,1000,918.009569
1647.181835,1000,918.769022
