#{"t_start": 1760896808.834667, "env_id": "Hopper-v5"}
r,l,t
36.394541,29,0.447841
5.615053,10,0.45022
7.453345,11,0.452751
17.252297,23,0.458817
12.301473,22,0.464179
9.715629,22,0.469336
5.372899,13,0.472533
6.504298,12,0.475458
18.243155,19,0.479905
20.76027,22,0.485129
14.275784,20,0.490174
21.473291,24,0.495775
21.324338,29,0.502777
3.705147,9,0.505002
7.415744,14,0.508306
11.974098,18,0.512528
87.295818,51,0.52456
7.990329,12,0.527355
5.173459,9,0.529404
14.688303,19,0.533899
21.344422,20,0.53856
48.459034,46,0.549433
17.21172,33,0.557238
5.029031,12,0.560123
8.533334,13,0.563224
8.130516,27,0.569635
10.649449,14,0.572935
29.190137,27,0.579327
8.604975,13,0.582343
24.067982,21,0.587254
14.920199,15,0.590659
8.233772,19,0.5951
15.297779,18,0.599338
9.619098,29,0.606194
5.954957,9,0.608312
17.823824,24,0.613938
17.477666,18,0.618071
8.070798,31,0.625435
11.03307,18,0.629763
11.891117,14,0.633056
21.329706,22,0.638161
16.098985,27,0.644642
8.515283,16,0.648491
9.124568,19,0.652996
12.297324,22,0.658199
7.330721,11,0.660728
7.103434,12,0.663539
21.285392,31,0.670805
6.457514,12,0.673572
10.249448,22,0.678673
27.368813,31,0.686105
6.905015,13,0.689193
12.008776,15,0.692621
42.119183,41,0.702132
48.746957,35,0.710054
11.816709,17,0.714083
7.842112,13,0.717077
13.557326,16,0.720656
6.503601,13,0.723644
3.359872,7,0.725182
22.664349,23,0.730482
13.047601,23,0.735798
12.360824,22,0.74083
9.941759,27,0.746989
35.494798,30,0.753762
15.593282,18,0.757851
5.407278,9,0.759808
8.069116,12,0.762422
7.135041,11,0.764826
12.783551,21,0.769612
13.883841,25,0.775529
89.734299,58,0.788831
128.014949,78,0.806143
11.029649,15,0.809508
8.282473,14,0.812628
34.011787,31,0.819917
8.902458,18,0.824069
40.039718,43,0.83395
16.529488,35,0.842017
9.56566,12,0.844661
10.318213,12,0.847435
99.484979,59,0.860617
15.490473,22,0.865994
13.222579,20,0.870605
12.340887,20,0.87538
6.562102,27,0.881616
10.686118,14,0.884713
43.686073,37,0.893032
9.56445,29,0.899583
11.592277,21,0.90449
7.089285,11,0.906843
28.948972,28,0.913178
8.686146,12,0.91578
7.579865,14,1.324741
30.983983,26,1.33119
7.357555,12,1.334055
9.907583,14,1.337339
8.201752,14,1.340688
14.02915,21,1.345633
38.501638,33,1.353464
60.848073,53,1.366403
8.205324,21,1.37131
11.122216,15,1.374874
22.34116,39,1.384201
32.228529,26,1.390303
34.554153,53,1.403182
8.093003,12,1.405979
10.856715,33,1.413671
53.209135,58,1.427887
11.066349,16,1.431639
5.424976,9,1.433687
18.848023,24,1.439402
9.640566,11,1.441965
6.383672,12,1.444812
17.947822,20,1.449998
9.137546,35,1.458143
23.188049,28,1.465484
5.905484,21,1.470554
9.946124,12,1.473401
11.161173,16,1.477249
9.578303,16,1.481065
13.463492,15,1.484643
5.86447,9,1.486773
5.660862,9,1.488896
9.998586,12,1.491668
7.354374,13,1.494762
28.827113,38,1.503741
9.769895,21,1.509494
13.176744,21,1.514535
7.472027,14,1.517915
13.90227,16,1.521668
28.196887,30,1.528739
4.781168,13,1.531805
30.61488,28,1.538436
18.281376,20,1.543128
24.574301,48,1.554485
62.405725,37,1.56309
23.177319,22,1.568222
7.545248,13,1.572098
58.336342,39,1.581084
13.185569,13,1.584088
17.373647,30,1.591226
20.060628,21,1.596228
31.000689,31,1.603435
12.859856,15,1.606989
46.629407,54,1.620514
46.18324,44,1.63099
11.115683,23,1.636428
6.853772,22,1.641662
28.092012,27,1.647989
15.683148,17,1.652034
210.568518,126,1.681659
16.930067,19,1.68626
6.249058,12,1.689104
6.2665,10,1.691487
24.796044,34,1.69954
6.584757,14,1.702902
10.617353,14,1.706199
4.746827,10,1.708551
14.608605,23,1.713927
21.220096,22,1.719591
30.991571,37,1.728404
10.931693,17,1.732449
16.336868,25,1.738284
11.287135,24,1.743885
4.767355,8,1.745842
7.336656,12,1.74867
9.376137,23,1.753961
13.093285,17,1.757993
5.475832,9,1.760037
11.419429,16,1.763785
6.234781,15,1.767691
29.486775,33,1.775601
28.737983,29,1.782491
13.634598,34,1.790548
14.101317,18,1.794767
7.275417,11,1.79741
6.878467,20,1.802153
10.195024,12,1.804994
15.187286,16,1.808732
19.220649,28,2.180712
9.019389,16,2.184765
81.226784,48,2.196261
86.192316,73,2.214363
16.480012,24,2.220445
87.628017,64,2.23534
24.219888,49,2.246763
23.166571,33,2.255021
43.32211,64,2.270016
168.339968,87,2.29064
23.863372,25,2.296533
64.308003,40,2.306072
7.779221,15,2.309653
14.606415,22,2.314831
19.27174,24,2.320944
147.186876,79,2.339267
143.719995,96,2.361244
80.279159,46,2.371763
80.626225,53,2.384342
16.723947,27,2.390736
19.056554,24,2.396416
152.922157,76,2.415346
8.941789,19,2.419951
8.083047,20,2.424774
9.998101,12,2.427799
64.559052,61,2.442108
94.817475,56,2.455278
5.227501,9,2.457319
14.771658,18,2.46151
36.757665,29,2.468302
40.86857,31,2.475639
10.254618,13,2.478667
21.263091,27,2.484974
28.661623,26,2.491014
34.819356,35,2.49918
60.941362,52,2.511223
6.703602,14,2.514521
48.731326,54,2.527422
19.064451,29,2.534474
60.282909,42,2.544315
115.305952,62,2.558661
235.497538,140,2.591234
125.05078,86,2.611429
207.394028,134,2.642678
19.869379,20,2.647448
56.067492,65,3.075981
56.773757,43,3.087157
29.099814,26,3.0935
111.143619,60,3.111039
111.572724,66,3.127299
113.055166,112,3.153862
87.211419,62,3.168606
169.214452,84,3.187893
145.214209,73,3.204929
108.360976,60,3.218444
6.830926,11,3.221014
94.297453,69,3.237278
19.180199,18,3.241656
94.109662,54,3.25436
53.827718,39,3.263569
56.826592,35,3.271789
11.071672,15,3.275336
14.115803,19,3.279785
188.292964,122,3.308185
8.776627,13,3.311291
226.628056,137,3.342731
67.661176,45,3.353319
42.630717,34,3.361468
110.349884,84,3.38115
102.568678,58,3.394885
86.615958,60,3.409288
56.794273,52,3.421712
33.34562,29,3.428756
85.891942,53,3.440948
223.936107,102,3.465731
13.779077,18,3.470098
30.201635,26,3.476535
25.22008,46,3.487889
195.288121,125,3.517224
152.561112,77,3.535151
71.41913,59,3.549836
128.457844,81,4.047309
147.814166,80,4.070599
199.372748,109,4.100287
114.515602,65,4.117434
179.418042,113,4.146802
236.560518,127,4.178316
236.85288,123,4.208653
137.147695,79,4.228091
150.933836,78,4.24764
126.320759,72,4.264635
103.617694,58,4.277861
187.190093,89,4.298657
66.133988,41,4.308408
92.924406,63,4.323164
92.573423,61,4.337496
227.59237,99,4.360353
142.031538,86,4.380591
75.970601,45,4.391263
75.278711,46,4.402426
60.261783,40,4.412124
74.967233,53,4.424326
174.770693,107,4.449408
59.965917,56,4.462834
90.927106,56,4.476321
136.273677,72,4.492997
39.14174,30,4.500009
75.705403,46,4.510875
248.015022,124,4.539398
227.976534,110,4.923645
47.612047,35,4.931911
71.959768,48,4.942687
120.845011,67,4.958157
115.191972,69,4.974065
130.452073,76,4.991584
118.185991,67,5.007263
68.134181,42,5.017167
168.675348,85,5.036671
25.723916,24,5.042165
80.596074,48,5.053299
220.92052,98,5.07604
160.470755,97,5.098557
80.285417,46,5.109225
251.988584,107,5.13406
253.457868,124,5.162389
184.767029,88,5.182568
192.313241,101,5.205844
136.463266,71,5.222228
95.399004,69,5.238264
206.855513,96,5.260278
129.026101,80,5.278773
130.374478,79,5.297076
89.075826,64,5.312035
66.579477,45,5.322675
222.927843,101,5.345628
87.281455,60,5.359499
223.811498,110,5.829184
140.824755,75,5.847548
120.590797,66,5.863462
78.85635,53,5.877271
180.470972,87,5.899307
156.149409,75,5.919615
256.02101,119,5.950704
231.32547,104,5.976414
29.697706,26,5.982568
53.663605,33,5.990973
150.873997,77,6.009165
137.528804,73,6.026195
97.857561,63,6.044018
223.868921,113,6.07065
168.521504,84,6.092872
84.689913,50,6.105125
66.315732,40,6.115091
231.755578,110,6.142001
140.799013,87,6.163615
150.196042,77,6.182194
216.499337,110,6.207252
101.673736,56,6.220043
112.063961,66,6.2354
216.142735,99,6.258497
93.099725,64,6.274124
230.373905,116,6.300924
198.492798,98,6.859438
217.412821,104,6.888681
247.245508,109,6.91448
215.909899,104,6.939217
230.059059,108,6.964357
218.652333,100,6.987678
165.140451,87,7.008059
251.006433,126,7.038435
155.629078,75,7.056253
206.358355,93,7.078795
257.630986,119,7.1072
250.176506,122,7.136479
150.027438,76,7.15481
69.037411,42,7.16458
90.839411,54,7.177336
130.365741,82,7.196735
223.999839,103,7.221397
136.417722,72,7.238524
252.277413,132,7.269894
121.861166,66,7.285629
227.01509,102,7.309283
149.698009,84,7.328081
234.58159,111,7.795419
166.488122,83,7.8151
276.739024,133,7.84689
159.882441,82,7.866229
159.339293,88,7.88677
256.330579,127,7.91628
253.321148,127,7.945798
227.77474,105,7.970359
251.382493,114,7.997257
229.968233,103,8.021471
226.268332,102,8.045526
267.171658,137,8.080544
275.647426,125,8.111234
230.154471,109,8.137311
262.500769,114,8.163829
234.547761,106,8.188736
219.534999,107,8.213913
213.4328,94,8.236802
188.967825,95,8.259413
95.205831,57,8.721781
235.374088,109,8.74855
239.626365,114,8.775493
224.694816,106,8.800246
225.129177,102,8.824049
243.730292,118,8.851433
264.281341,118,8.878307
262.914521,114,8.904693
242.124212,118,8.931683
334.971753,151,8.966189
249.156781,115,8.992413
258.814805,119,9.019637
234.045099,105,9.04378
227.282926,107,9.068259
88.846379,51,9.080065
252.109871,121,9.107819
224.412762,101,9.131408
243.569268,116,9.158023
230.720181,104,9.182295
250.509434,126,9.595391
260.693135,119,9.625847
242.816039,111,9.651534
208.049329,94,9.673379
232.475314,105,9.698068
242.059032,112,9.724371
238.839863,115,9.750943
78.092305,47,9.761659
252.699389,110,9.787186
205.797121,92,9.80852
255.787532,123,9.837441
240.236139,111,9.862774
250.16145,113,9.888875
238.95546,112,9.91488
234.792821,105,9.939286
241.611711,112,9.96531
83.623047,50,9.977
245.107286,114,10.003407
243.660134,107,10.027979
251.316869,126,10.587366
234.910664,115,10.618098
264.439326,120,10.646141
255.075788,109,10.671128
263.900987,122,10.69933
236.831496,104,10.723691
230.16271,102,10.747988
239.194788,103,10.773008
223.765201,98,10.796933
239.353188,118,10.825161
76.695151,45,10.835976
251.173233,113,10.862579
279.430812,118,10.889764
249.166519,112,10.915928
209.402086,99,10.939033
235.735315,109,10.965204
186.776704,99,10.988526
225.902276,105,11.013263
217.108504,100,11.036244
277.970873,130,11.066445
232.754755,103,11.804465
284.071673,121,11.833612
235.52342,115,11.86119
245.866735,121,11.88976
256.628475,129,11.920085
251.137194,115,11.94718
161.433537,81,11.966257
254.105832,117,11.993391
255.854063,127,12.023339
239.369127,114,12.050451
248.925676,113,12.077251
277.893605,126,12.107332
273.271701,141,12.142217
266.532623,116,12.169658
259.053799,132,12.200741
263.278169,122,12.229421
187.314252,94,12.253287
87.018613,54,12.266283
98.908685,57,12.995358
327.461306,149,13.037951
291.606311,135,13.085734
312.214541,138,13.119243
254.281847,114,13.146838
300.280146,126,13.176993
250.900174,113,13.204159
369.631948,148,13.238634
239.557816,106,13.26392
311.429669,132,13.294524
132.404633,76,13.311827
214.645979,108,13.336192
248.185501,112,13.361742
289.733334,118,13.388526
240.741273,117,13.415223
303.90649,126,13.444226
264.34421,134,13.475448
324.954332,136,14.06346
109.402032,61,14.078275
268.398912,117,14.105857
311.733761,136,14.138118
275.120193,122,14.167421
234.858081,110,14.193046
299.716641,136,14.224698
261.928763,118,14.252197
303.856735,144,14.285151
281.054114,126,14.31395
251.031152,122,14.342466
332.553819,142,14.375204
210.997995,97,14.397687
245.398194,124,14.426353
98.528015,58,14.439562
287.535841,126,14.468307
302.995163,131,14.498458
318.81345,127,15.132939
193.576173,96,15.1571
297.774782,129,15.187246
291.935951,127,15.217429
219.564195,101,15.241093
349.142363,143,15.274085
305.534798,132,15.303825
215.200405,107,15.328655
293.798856,136,15.363675
339.660641,142,15.396201
334.559961,137,15.429226
297.100418,120,15.458055
325.615135,143,15.490754
304.428904,127,15.51926
313.870538,125,15.547601
325.792722,132,15.578822
306.542484,142,16.163546
342.618902,137,16.195789
315.252419,141,16.228491
274.325874,133,16.259816
336.572788,140,16.292022
325.354804,142,16.325026
131.723597,69,16.341084
324.628468,140,16.372957
290.897387,124,16.402003
371.230762,145,16.436219
211.855069,98,16.459387
265.646398,121,16.487387
316.606115,135,16.518925
321.988188,135,16.550594
299.491908,127,16.579999
246.799634,115,16.606718
284.388757,123,16.635184
323.825333,144,17.051396
316.182769,138,17.083313
356.942981,150,17.118387
313.062872,128,17.147312
299.230624,127,17.176612
301.09447,127,17.20556
273.852966,115,17.232246
340.796185,143,17.265047
293.205857,127,17.294342
326.829586,146,17.32807
322.072103,127,17.357162
253.372082,113,17.383378
342.01659,143,17.416291
335.414127,132,17.4465
329.665757,144,17.480071
301.17026,127,17.990949
343.509062,146,18.025795
296.23936,114,18.052296
328.200767,136,18.08543
301.883987,129,18.116641
328.737661,137,18.149544
302.411103,125,18.179249
321.221815,129,18.209836
352.873109,145,18.244116
261.710025,114,18.270371
326.987803,137,18.302542
322.562402,133,18.333112
346.743604,148,18.367777
331.109709,139,18.399663
368.882168,151,18.435666
373.937869,151,18.876234
333.360698,141,18.909467
372.275357,144,18.94375
329.20103,134,18.975521
316.131256,135,19.007137
322.103957,139,19.039333
357.548245,148,19.073756
317.220422,141,19.106545
342.21798,141,19.1392
258.876988,113,19.164852
349.432386,140,19.198136
358.266778,150,19.233408
308.433234,129,19.263359
118.847148,63,19.277759
361.385191,145,19.311199
293.069458,130,19.341385
371.438682,156,19.781988
341.569139,136,19.813677
319.471637,142,19.846643
337.497078,127,19.875667
320.704831,130,19.905242
307.062307,131,19.935332
350.301992,142,19.968165
270.640474,114,19.993961
324.660877,130,20.023774
291.082015,123,20.052656
339.313938,143,20.085865
377.269737,152,20.121197
377.629517,144,20.15379
374.56718,150,20.188697
321.385561,139,20.649585
341.616738,144,20.68391
302.999057,127,20.71419
253.429975,112,20.744381
365.785613,141,20.778422
159.463999,88,20.798661
355.144306,139,20.830904
322.069476,132,20.861293
344.592799,144,20.893952
345.857667,127,20.922497
152.15625,83,20.941548
312.658189,136,20.973309
291.613508,129,21.004266
353.532235,150,21.040756
399.138645,154,21.077812
333.694981,124,21.106632
346.90072,148,21.624064
340.278847,136,21.660201
356.551505,146,21.694685
327.418332,134,21.726417
293.686425,126,21.755656
322.077993,134,21.786825
368.546398,155,21.822692
307.413213,129,21.852305
332.464752,143,21.884961
128.523162,67,21.90011
345.698008,142,21.932278
479.197269,180,21.972786
104.943118,59,21.986101
354.646381,152,22.020191
182.292788,91,22.040987
327.096693,136,22.07175
209.440332,95,23.163491
311.054224,133,23.19496
362.235924,141,23.227041
368.79629,148,23.262003
430.534482,166,23.30008
345.732732,149,23.334836
362.751134,154,23.370585
209.26996,100,23.394464
230.213789,107,23.419685
371.314772,141,23.452491
363.027145,145,23.486137
391.798604,152,23.521247
320.008263,139,23.553659
346.434666,140,23.586703
383.795086,141,23.619589
332.504872,131,24.093796
378.82881,140,24.126164
340.979283,133,24.157161
336.671027,134,24.188735
320.975922,132,24.219506
322.526437,133,24.251317
370.219397,139,24.283137
214.188576,98,24.30641
245.543451,112,24.33286
322.658716,132,24.363817
389.229565,159,24.401313
396.033231,152,24.436945
513.713594,181,24.47847
341.205571,141,24.511413
346.192329,142,24.544914
96.219527,55,24.55789
354.189157,130,25.205169
341.253453,142,25.239033
352.382616,148,25.274271
380.46514,146,25.308461
373.421363,153,25.347669
361.259416,133,25.378833
587.309777,212,25.428134
124.1836,70,25.444468
419.513168,156,25.480412
323.052586,142,25.513398
369.190418,147,25.547306
377.461069,157,25.583285
382.278469,146,25.616888
396.553507,152,25.651689
250.613677,115,26.520878
388.895445,136,26.551919
377.905661,146,26.58615
393.90072,144,26.61889
478.91493,165,26.674374
324.61017,145,26.708225
385.944407,137,26.739828
603.309654,210,26.788041
388.867215,145,26.821191
375.169793,156,26.857943
400.275284,144,26.891489
374.03951,146,26.92741
349.095976,148,26.962892
553.749089,201,27.428316
482.245239,174,27.468909
350.432989,145,27.503209
283.344599,112,27.529692
581.102581,216,27.580131
388.658031,148,27.615011
667.369218,226,27.667652
355.209676,124,27.696394
355.791357,141,27.728727
418.506808,166,27.766792
380.975772,138,27.798078
409.554979,152,27.832771
365.62319,137,27.864132
359.813003,147,28.250149
326.111382,131,28.28032
387.335524,133,28.311117
411.165193,163,28.350877
387.861713,161,28.389676
298.358923,134,28.421733
408.155939,153,28.457451
177.919232,84,28.478443
385.244157,142,28.513469
495.684674,172,28.570696
390.222346,138,28.602482
463.827115,158,28.638583
446.617466,160,28.675654
450.993987,164,28.712896
353.314251,135,29.102087
396.847023,141,29.134852
429.032418,150,29.169331
421.525697,154,29.20457
385.68058,137,29.235933
374.176562,133,29.266521
502.386368,171,29.30654
366.703773,133,29.337562
395.045587,141,29.370125
361.24401,136,29.401967
417.125327,153,29.437225
347.119481,135,29.468098
380.538963,141,29.50069
351.156807,125,29.528933
383.192781,135,29.559418
380.815674,136,30.074451
255.264666,117,30.101639
469.358325,168,30.1399
412.265371,149,30.174134
372.344185,141,30.206261
413.292149,148,30.24044
493.084873,170,30.279321
397.845939,143,30.312513
354.856724,128,30.341744
463.736156,160,30.378355
541.356112,190,30.421639
384.850466,140,30.453592
271.09249,117,30.480229
426.428316,154,30.532024
528.198199,177,31.083641
356.631686,138,31.115397
374.131736,142,31.147762
387.275448,140,31.179939
401.687853,150,31.21463
401.040701,144,31.247485
102.309388,58,31.260884
410.884534,158,31.297355
541.375564,184,31.339389
390.822324,140,31.371947
403.862126,152,31.409515
360.870641,128,31.439908
324.148271,137,31.471901
560.84263,186,31.514514
411.756365,145,31.923736
120.412259,67,31.939046
394.52998,138,31.970819
530.412035,176,32.011268
454.898869,166,32.049511
426.018293,157,32.085839
418.656923,153,32.121694
454.347951,163,32.159482
419.625022,144,32.192004
373.414303,139,32.224068
235.906422,101,32.247047
405.544771,142,32.279365
630.052703,205,32.327482
517.766397,179,32.368318
502.333083,168,32.827872
390.12881,133,32.858289
453.843609,153,32.893037
325.305694,136,32.925291
412.742495,146,32.958642
472.260587,158,32.994505
572.705467,194,33.038495
424.081707,145,33.071102
413.377457,143,33.103778
658.689983,216,33.152739
644.268563,209,33.200131
382.082814,140,33.23221
327.362549,132,33.921059
468.358246,157,33.958962
577.433478,192,34.003432
355.249893,139,34.035479
593.14175,190,34.078882
485.480386,170,34.118169
583.764185,213,34.166786
558.732716,187,34.210204
495.937062,170,34.249995
618.265174,203,34.297139
477.770507,162,34.334724
205.381907,90,34.355728
395.837313,139,34.388388
299.327874,127,35.353954
450.43937,158,35.390745
388.963928,141,35.424094
390.400579,138,35.469065
338.966249,134,35.502518
468.363548,166,35.540748
310.760541,135,35.572912
404.362605,141,35.605978
552.145865,179,35.647247
450.767282,162,35.684762
599.138173,195,35.730112
415.837231,147,35.763765
436.472158,153,35.798976
365.198258,132,36.230032
404.428558,138,36.261763
363.790103,130,36.291312
396.92882,138,36.32265
416.73178,143,36.3552
616.71533,192,36.399103
493.436385,176,36.440925
170.966944,81,36.473379
875.744643,300,36.542711
478.810301,159,36.578672
537.546798,180,36.62039
403.261913,138,36.651911
554.45699,186,36.695043
391.038979,138,37.29222
629.170632,200,37.353861
391.527903,145,37.38882
509.085768,171,37.428513
606.026072,195,37.473518
425.007556,149,37.508239
428.706913,148,37.542347
634.885318,201,37.588385
428.54411,148,37.622136
403.878783,139,37.653866
498.465559,168,37.692081
498.052103,165,37.729824
646.270568,207,38.1739
260.381087,111,38.199397
601.809261,189,38.242149
512.113827,172,38.281225
432.765587,151,38.315881
408.756799,144,38.349044
371.038021,138,38.380742
433.823326,148,38.414676
358.177345,131,38.444517
96.877604,56,38.460077
642.774241,204,38.506443
326.566774,125,38.534548
490.933694,176,38.574319
519.307829,173,38.614091
611.529124,201,39.047809
360.466334,131,39.07845
429.055771,147,39.113141
379.428866,134,39.14612
636.511594,218,39.196467
110.960853,61,39.210344
394.306301,140,39.242228
634.466523,208,39.289684
401.074016,149,39.323358
555.253908,182,39.364622
421.648265,148,39.397921
384.857125,134,39.428565
445.142887,154,39.463719
510.559909,167,41.664679
670.53981,208,41.71443
660.065057,213,41.766825
393.492621,137,41.799016
368.662206,130,41.829622
639.958914,203,41.877052
586.435332,188,41.92047
359.709929,127,41.949185
380.74756,135,41.980451
749.059935,245,42.037449
438.125369,147,42.070612
624.154189,207,42.118043
610.06565,196,42.562052
497.273634,167,42.599925
657.762543,216,42.64945
266.244361,105,42.673988
402.482529,139,42.706435
393.922634,139,42.739501
392.648244,135,42.77119
485.086399,164,42.809164
357.908074,127,42.838854
623.505697,207,42.887339
574.700206,188,42.930429
402.51488,140,42.963188
688.276651,228,43.529418
512.884535,167,43.567536
219.199032,93,43.589026
413.187156,143,43.621508
606.4452,197,43.667026
476.968709,163,43.704344
266.188611,110,43.729893
496.997434,171,43.771136
547.804377,178,43.815552
872.80245,281,43.879548
648.199632,210,43.927135
402.006873,140,43.975805
375.458781,132,44.396807
642.009745,219,44.448477
466.401316,155,44.484332
426.906798,151,44.519511
586.470627,188,44.562541
667.206344,212,44.611154
665.077273,215,44.659783
474.845388,163,44.697061
496.208586,164,44.733931
524.309073,175,44.774314
641.843155,213,44.823926
389.640434,137,44.856321
826.272047,268,46.502429
516.751885,170,46.541517
447.842164,155,46.576954
584.527408,184,46.619586
1306.744489,423,46.71683
406.418963,141,46.74857
896.505555,286,46.813154
491.767366,167,46.850502
173.052703,90,46.870947
490.592787,164,46.908322
99.152663,56,47.274255
551.805901,181,47.31707
549.201526,180,47.358027
660.574817,215,47.406745
503.996738,163,47.443177
844.857683,253,47.499681
763.200026,236,47.552586
625.459335,197,47.597086
473.038956,164,47.635095
722.225456,238,47.688487
576.987123,184,47.729782
676.552579,223,48.121858
465.061013,154,48.15687
634.785743,199,48.201547
510.103719,164,48.238334
564.618495,181,48.279207
355.139261,126,48.307772
101.087163,59,48.321231
682.957853,212,48.369388
339.941992,122,48.397006
542.557491,176,48.436873
639.840409,207,48.48359
642.67573,200,48.528617
675.545506,209,48.922116
672.544931,224,48.972622
661.994394,206,49.018735
549.881784,178,49.058156
600.193872,192,49.101507
547.189196,179,49.14164
112.877466,64,49.155974
390.806266,137,49.186842
670.052178,225,49.237489
843.702187,256,49.294976
388.735819,138,49.326384
413.085828,140,49.707201
359.118789,128,49.736434
639.745406,206,49.782853
942.750449,298,49.850013
394.162473,141,49.881685
692.957752,227,49.932527
528.9902,178,49.972963
622.474027,202,50.018441
561.102078,173,50.056954
573.00902,183,50.104054
400.165428,140,50.13558
376.771139,134,50.516001
967.723743,298,50.58514
405.460434,144,50.61785
662.29241,215,50.66676
241.270256,107,50.691279
676.963014,212,50.738327
411.873202,141,50.769819
112.158633,62,50.783981
848.068298,262,50.842508
386.553923,146,50.875693
551.714281,177,50.915653
396.14835,139,50.946566
403.152489,143,51.349462
1763.480778,579,51.480424
372.705482,136,51.511184
591.972254,192,51.554413
643.990589,204,51.600061
646.288749,207,51.646309
388.993408,136,51.677036
643.698913,206,51.723413
251.101444,110,51.748385
627.684561,187,51.790501
490.442302,160,52.295339
525.458084,177,52.335459
670.804297,212,52.383297
647.098825,235,52.436811
629.127047,200,52.484392
684.450688,218,52.534808
848.925612,268,52.596697
604.466412,201,52.642969
750.637532,245,52.700746
805.876146,250,53.562861
665.994564,209,53.610953
243.356665,103,53.634803
621.046086,187,53.67753
357.495877,135,53.708342
466.389594,153,53.743308
736.587371,244,53.799059
766.551719,246,53.85491
452.742316,155,53.890422
669.294667,204,53.936132
786.015897,240,53.989707
679.904096,212,54.53683
661.962154,213,54.584696
562.953128,177,54.62477
419.095082,144,54.657043
475.247867,156,54.716655
349.360134,128,54.746902
611.750058,200,54.791841
664.474132,197,54.835978
753.362554,239,54.889385
633.287073,187,54.931334
1026.827205,335,55.006719
551.480166,191,55.58186
621.852271,210,55.630126
632.346928,199,55.675945
374.762422,135,55.706341
716.203714,242,55.760841
621.776208,201,55.805574
672.310411,195,55.849271
620.589765,209,55.89579
622.593398,183,55.936769
711.656267,223,55.986496
990.775665,326,56.442197
619.469491,192,56.485284
562.963839,171,56.523815
631.988261,184,56.565467
616.12803,194,56.609164
690.773599,218,56.659283
536.482852,176,56.698967
741.28161,227,56.749573
611.310666,195,56.793308
238.530525,101,56.816155
561.341453,170,57.22754
727.37301,230,57.280496
587.277115,193,57.324793
742.427147,239,57.379377
691.725163,220,57.428973
1005.331427,326,57.501759
712.596113,214,57.54932
572.357966,182,57.590403
494.830391,158,57.626208
588.244818,201,57.67098
654.646535,208,58.074749
984.037372,317,58.145625
601.730137,197,58.190265
667.049857,214,58.238225
725.925199,215,58.286416
1039.359846,333,58.361924
396.031371,136,58.392495
754.675982,228,58.443761
539.014961,178,58.484447
655.733483,205,58.893253
694.24138,222,58.942948
748.305811,242,58.99708
600.111591,184,59.038189
440.703288,150,59.071632
647.067435,203,59.116509
677.011071,224,59.166909
383.851295,135,59.197104
133.435453,74,59.213596
1059.650897,324,59.285955
144.6161,78,59.303394
652.417224,213,59.737003
871.998374,279,59.801058
538.062987,174,59.840456
603.198036,180,59.88093
649.718851,196,59.925106
599.952096,187,59.967154
602.286695,188,60.009292
660.209968,199,60.053751
931.838142,305,60.122794
583.127168,193,60.165735
624.227266,202,60.595601
726.67175,227,60.646397
853.678683,254,60.70327
753.562539,240,60.757137
1413.323778,445,60.856571
593.114445,181,60.89732
675.972432,216,60.945797
634.415328,201,60.990932
910.717283,283,61.409503
509.001359,161,61.44566
973.481195,305,61.513656
624.46157,189,61.556207
664.939768,197,61.600452
937.345403,288,61.664451
646.532109,209,61.711352
433.154814,141,61.74307
276.653774,107,61.767254
624.687049,186,61.808971
647.33157,210,62.236518
469.474816,156,62.273978
697.30083,202,62.322565
658.69479,202,62.369202
668.70414,207,62.415847
640.481286,195,62.459394
385.77629,137,62.490278
630.870152,191,62.533156
639.573596,204,62.579048
506.019974,159,62.615493
694.312169,214,62.66475
1254.512514,395,63.105826
627.243116,202,63.150708
718.978075,220,63.19938
576.938611,184,63.241343
629.723046,200,63.304268
591.217701,173,63.343422
591.756495,188,63.385708
726.813534,223,63.437634
693.065906,218,63.487464
644.182253,198,63.898404
629.640533,205,63.944133
664.029125,213,63.991851
742.540397,247,64.047906
596.82912,188,64.090033
909.633689,327,64.164285
710.148929,231,64.21624
615.889603,180,64.256775
828.19342,250,64.312875
738.347967,249,64.711967
648.650508,200,64.756992
682.246644,199,64.801371
375.380329,133,64.831383
615.400516,185,64.872684
755.985923,230,64.925077
671.366849,214,64.974833
531.146174,167,65.013902
586.182583,197,65.059394
681.902132,205,65.106282
644.306542,204,65.529938
765.064053,235,65.587302
707.95438,224,65.640531
729.838817,232,65.693082
667.807813,199,65.737764
690.208863,216,65.785566
674.032762,218,65.834022
674.588764,202,65.879123
599.266763,188,65.921229
583.88894,188,65.963301
732.370912,240,66.390579
1048.731073,326,66.467152
974.38884,304,66.538639
579.438211,176,66.579088
458.790476,153,66.614033
729.428027,236,66.667682
614.899611,186,66.7097
646.530605,202,66.755756
754.960282,238,66.810849
987.780532,320,67.415025
723.915546,231,67.466881
557.34322,190,67.509573
640.265032,204,67.555233
671.776556,216,67.603563
663.842861,210,67.651094
737.823239,241,67.706835
790.294243,239,67.762436
734.652723,231,67.814669
1108.527607,358,68.338107
281.996114,121,68.365909
767.172306,250,68.424522
591.105371,199,68.470679
733.856507,234,68.523885
788.864994,239,68.578089
694.922364,217,68.627511
653.338675,207,68.673782
739.639,231,68.726399
656.349148,202,69.171061
736.296554,228,69.2223
1365.830118,435,69.319768
578.837707,180,69.362004
658.927632,199,69.408583
597.119038,198,69.454574
662.713742,196,69.499541
562.744188,176,69.539554
925.220818,292,70.04597
640.617979,192,70.094509
658.356748,202,70.145301
663.672816,216,70.195769
783.901739,240,70.250795
790.60523,241,70.30723
707.520438,238,70.361005
631.804249,211,70.408753
670.842115,210,70.456129
721.451756,238,70.509715
1298.063604,424,71.370033
631.588767,209,71.41919
738.885336,224,71.471973
933.108458,294,71.538437
752.017159,236,71.591002
651.632081,199,71.635436
252.942453,109,71.660005
647.542293,208,71.706585
1205.224272,389,72.15875
725.539796,245,72.214409
738.333596,229,72.265933
1218.227101,394,72.354435
675.189075,212,72.402096
750.706411,243,72.457296
637.453138,213,72.505469
689.511941,226,72.556281
992.312456,325,73.309297
1208.412767,397,73.398656
738.531168,234,73.451219
894.568512,293,73.518348
733.772141,243,73.573153
866.981282,279,73.635704
815.569229,259,73.693685
793.655038,236,74.480314
723.467892,234,74.539302
698.010282,226,74.596186
256.819307,116,74.624243
1352.395329,464,74.731009
1005.198676,325,74.804652
909.282943,300,74.871582
1352.450481,438,75.341694
703.37362,220,75.391873
664.171079,199,75.437728
969.563389,310,75.50678
1898.769965,670,75.660581
602.990804,185,75.702467
1005.080857,321,76.347511
1535.755922,493,76.463216
756.07424,233,76.516069
1283.056271,407,76.613098
659.676991,211,76.664551
710.754153,232,76.717396
801.997674,262,76.776921
715.365993,232,77.226128
696.668815,212,77.273057
2610.148948,926,77.482458
200.195623,97,77.504933
1815.209111,643,77.649904
816.760868,257,78.086548
662.309821,224,78.136967
784.194292,258,78.194568
1264.879656,413,78.286692
1014.189533,335,78.361377
1027.171873,333,78.436178
2458.232093,925,78.988461
1452.943239,465,79.093163
666.746147,210,79.139833
2454.361096,1000,79.730918
680.019757,213,79.779286
2412.965258,911,79.985118
721.072431,238,80.039271
681.407094,233,80.091357
370.50421,152,80.12565
525.869999,183,80.568431
2867.999988,1000,80.792673
2732.625341,926,81.006789
1522.012985,489,81.498606
1002.251687,328,81.572661
2024.918625,670,81.722923
1505.115171,486,81.830559
615.463202,243,82.290245
1283.80091,417,82.383911
2659.019867,1000,82.610129
557.793048,189,82.652177
1509.512185,493,83.112172
963.050381,320,83.186476
2336.206102,784,83.363317
650.058053,223,83.413306
784.394469,340,83.489709
1354.949853,488,84.009795
2832.16436,1000,84.246667
1206.324409,442,84.345865
795.01068,252,84.415099
2376.820601,740,84.98917
1006.717162,336,85.064589
745.507547,244,85.119686
1269.546445,413,85.211677
846.021946,270,85.271833
798.389513,255,85.80196
1576.996568,505,85.933845
764.310363,249,85.989955
227.324112,107,86.014206
1817.234028,603,86.149192
998.774419,325,86.222445
2811.605588,966,86.849243
1540.989944,498,86.961643
1009.971322,323,87.033845
969.835532,319,87.105372
383.84817,137,87.5338
1343.410573,452,87.63637
1527.61828,498,87.748414
869.649221,267,87.808476
812.452272,259,87.866835
839.094185,259,87.925489
1012.930585,338,88.345684
595.842179,205,88.392127
960.613181,304,88.470529
1273.154927,422,88.565077
1259.089868,420,88.659086
514.60152,185,88.70078
1166.468842,373,88.784615
309.187922,123,89.229732
863.197301,265,89.289463
1414.07886,460,89.392206
1559.998751,492,89.502957
1200.331889,369,89.586021
930.599646,300,89.653326
1601.358115,534,90.177558
1536.017499,474,90.283487
1228.93695,404,90.37408
1797.931588,632,90.515281
2423.02934,795,91.046297
2568.360553,876,91.24232
829.439009,264,91.301571
527.070113,193,91.719896
732.296314,246,91.776839
916.362658,292,91.842492
2372.613876,760,92.011762
997.153934,310,92.082011
895.195844,277,92.144955
716.474335,230,92.845394
2803.997403,1000,93.077451
1521.366694,479,93.186591
1431.185503,450,93.288979
1674.109023,555,93.809398
1851.211036,572,93.941422
1018.025833,326,94.019341
2453.776776,798,94.646709
1021.040425,356,94.727426
989.842554,306,94.796276
1454.770895,460,94.900637
543.972227,184,94.942379
665.095726,210,94.990379
126.863146,69,95.00631
1701.74559,517,95.50148
120.060416,66,95.5177
2492.511981,852,95.717937
262.747287,119,95.745395
829.851465,264,95.805448
271.759467,111,95.831196
524.912546,183,95.872219
731.960907,227,95.922731
2028.313218,653,96.473085
746.213081,236,96.527262
2750.26662,876,96.725569
816.582105,250,96.782019
1993.867226,608,97.294166
1833.903531,633,97.438128
876.732606,276,97.500689
1494.413367,491,97.610981
845.564593,257,98.016266
1164.495663,390,98.103483
1321.220862,433,98.200374
1043.140522,317,98.270765
2206.515621,684,98.425245
875.288393,258,98.8259
2441.85247,760,98.99487
2736.385455,1000,99.221384
2997.599563,1000,100.309296
1943.46357,667,100.461433
1504.824145,466,101.107652
1220.466375,369,101.196382
902.465478,325,101.274158
1639.816389,517,101.392254
1216.924297,413,101.487423
1042.868311,307,101.559913
2283.120242,742,102.21788
2248.941731,734,102.383711
2159.909767,717,103.085372
1424.761621,434,103.186615
1394.840465,436,103.287243
2402.114334,754,103.477128
269.26543,113,103.503574
1362.82658,438,104.2206
1381.642156,451,104.327225
1190.995422,374,104.412721
882.310045,275,104.476243
2280.231679,761,104.651205
680.826865,213,105.143422
970.986964,298,105.227105
930.610114,284,105.29196
2006.770676,665,105.451277
3191.725449,1000,106.125768
3103.442258,1000,106.355971
960.600675,299,106.425662
834.704038,249,106.481542
1073.112799,368,107.243811
3083.225801,1000,107.474662
2873.261222,1000,108.407065
1764.281963,553,108.535638
259.04539,116,108.562223
557.574161,188,108.604731
1731.662112,539,108.72679
532.993111,187,108.768813
2242.505182,734,109.436419
134.028748,71,109.453592
284.053444,115,109.479774
272.407926,111,109.505058
990.004258,292,109.570769
1219.08803,386,109.658649
854.015356,258,109.71675
1342.585303,423,110.307245
844.880881,249,110.364656
400.510448,146,110.398049
1459.050435,435,110.496401
835.041906,255,110.554115
2838.723017,903,111.562572
853.115784,257,111.625858
2681.485307,827,111.819953
306.048683,118,111.847684
1194.833905,376,111.935337
1169.737863,358,112.018767
272.145979,111,112.52942
1377.17356,421,112.633069
1093.967564,348,112.713507
1551.902748,492,112.829243
1733.759136,526,112.950973
681.312181,217,113.001778
646.945537,206,113.619005
2532.226604,804,113.8078
1361.223824,430,113.907028
1131.697048,350,113.986203
933.289185,277,114.050255
2055.472982,633,114.584333
1516.83741,481,114.692647
780.115741,235,114.745418
1439.639966,450,114.847026
825.373913,253,115.397978
980.53725,292,115.473463
1984.270554,631,115.615524
1982.261306,601,115.753347
1021.075218,312,115.82564
1189.31689,358,116.493677
810.635078,258,116.556726
3061.504647,1000,116.785962
1362.640895,419,116.885271
2537.759264,823,117.723749
1516.928359,474,117.835437
2263.2799,691,117.993487
869.9079,266,118.054497
1738.257758,516,118.753242
1056.980432,331,118.831364
1959.628539,593,118.965813
838.93759,253,119.024222
816.011736,252,119.081244
1093.488648,324,120.040617
729.764501,224,120.091254
865.318516,327,120.167011
1940.396536,641,120.31346
3150.218852,985,121.058725
2318.791465,724,121.226139
402.003566,143,121.259686
521.922527,176,121.300973
858.156158,267,121.363584
827.428472,247,121.419406
2542.130119,797,122.126002
614.005877,186,122.168468
671.486216,216,122.217082
674.440291,213,122.265068
1162.370231,356,122.346395
695.249329,221,122.397306
945.212952,283,123.208454
888.810754,333,123.286502
459.73545,159,123.323421
847.624205,252,123.382205
2064.081986,680,123.543566
910.275589,278,123.608706
1425.350807,424,124.315632
1957.688541,679,124.475814
1227.245911,374,124.561124
807.273534,241,124.616636
915.253705,289,124.682046
1676.432699,497,125.287355
3001.625107,1000,125.517053
1714.94561,533,125.640464
936.302594,300,125.711141
1267.277973,392,126.33081
1641.138731,499,126.449391
1294.846871,394,126.539537
1380.398697,418,126.634395
685.102144,216,126.682644
1214.372574,353,127.42135
3134.32061,1000,127.652393
2403.002871,762,127.825814
1081.98377,314,128.345269
747.312335,227,128.39893
867.956153,255,128.463997
883.88173,270,128.526298
1037.69017,339,128.605305
848.72609,255,128.663735
896.949978,265,128.724769
1194.540267,370,129.375813
811.849517,241,129.439416
800.375542,247,129.495868
893.060926,262,129.556079
1181.333656,362,129.637048
3147.868143,1000,130.346374
1734.27894,526,130.468415
2705.249855,887,130.668069
1871.792879,566,131.189208
665.44089,210,131.236541
652.212824,199,131.281297
955.385359,300,131.348382
1921.133641,648,131.494849
1161.248225,356,131.575114
1382.836984,410,132.078834
903.961756,264,132.138174
1135.928486,337,132.214421
967.999534,282,132.27813
1467.21176,436,132.375821
1386.44178,413,132.468524
1483.393073,495,132.986974
335.198944,132,133.017213
923.536619,278,133.080242
958.790255,290,133.145544
952.315743,320,133.217045
130.688012,71,133.233326
3108.897183,1000,133.940119
937.373988,294,134.006428
2908.72709,1000,134.231106
949.926727,281,134.293716
1011.040112,303,134.836361
917.531685,271,134.898206
891.581591,262,134.959477
895.431925,273,135.02267
1380.129836,418,135.1171
711.923943,235,135.171208
877.57859,262,135.23141
836.530755,254,135.681908
886.422921,273,135.743647
782.156368,239,135.798978
822.427427,257,135.859975
1364.669255,426,135.960223
776.758869,237,136.013581
1014.421879,300,136.081265
927.782663,276,136.973907
1131.501796,332,137.051609
1361.52745,400,137.143934
770.511965,231,137.196981
1474.508208,433,137.29498
705.830188,222,137.345701
2632.687971,828,138.086189
837.937954,240,138.140247
731.578014,233,138.192292
285.919542,115,138.218437
3063.331435,1000,139.182519
912.044646,277,139.247658
786.313286,235,139.302091
2576.292167,803,139.48946
1851.788928,554,139.61581
2021.460469,640,140.162289
849.351441,249,140.218769
865.608842,249,140.274911
1517.530966,484,140.384953
1091.444904,313,140.458001
789.437715,234,141.055048
1239.538883,361,141.151294
3092.953903,1000,141.384195
3032.660374,1000,142.267412
1249.194404,395,142.355873
1506.092012,458,142.460499
977.856817,287,142.526011
3188.024924,1000,143.261509
1173.686092,349,143.341311
628.441922,198,143.386717
814.234905,246,143.44807
3131.964899,1000,144.188294
3067.216819,1000,144.416228
3178.048984,1000,145.504435
700.124411,213,145.553416
1129.875518,323,145.62626
1249.603648,365,145.708981
881.312638,255,145.767584
1259.352631,361,145.850589
1530.536096,453,148.094405
2727.433836,812,148.278284
3125.424503,1000,148.505716
1588.211007,492,149.007697
2105.911833,615,149.15887
586.898147,185,149.200716
1434.892861,436,149.298247
970.919883,299,149.364417
873.347094,259,149.836389
342.408778,131,149.867977
963.361426,292,149.93384
1043.468297,307,150.002445
944.459167,282,150.066085
424.773041,145,150.09894
594.872308,195,150.142341
1888.784278,584,150.273802
1776.720162,545,150.874245
690.061856,215,150.922672
716.185093,211,150.971711
948.818842,283,151.036474
1869.060059,544,151.15987
674.946058,213,151.207055
1526.314413,458,151.885331
728.783496,220,151.934838
738.737463,225,151.985284
1755.605387,525,152.103657
1829.411054,548,152.227249
582.802005,189,152.740314
833.603607,247,152.800808
1233.21039,359,152.882408
636.697998,200,152.92735
858.076079,261,152.98558
888.484274,264,153.044161
1166.599621,341,153.120395
1048.872591,309,153.188859
698.869612,206,153.702854
2557.128211,775,153.876389
1405.754591,412,153.967939
2801.754876,837,154.534014
1848.705038,564,154.659276
3054.436798,1000,154.881383
640.389184,210,154.927972
681.814595,207,155.839818
3155.793046,941,156.057823
994.760051,289,156.123652
1682.757074,485,156.233231
895.216317,264,156.913496
661.204576,205,156.962062
659.026309,204,157.008663
871.665729,254,157.06736
885.429348,255,157.125782
1633.591901,502,157.238514
629.071843,190,157.280721
1335.426131,403,157.369584
1588.043405,488,158.079498
3089.641812,1000,158.307411
3045.926124,902,158.882862
3148.820892,1000,159.105549
2902.084429,877,159.677386
1241.326767,363,159.758399
1325.81318,395,159.845864
1581.63405,464,159.948527
1447.14197,416,160.040315
983.734506,292,160.492473
3106.824424,1000,160.722622
1292.392285,394,160.811146
1662.771057,491,160.921825
2107.598508,660,161.470246
1495.644134,443,161.572778
1169.102624,357,161.656657
933.905374,301,161.725269
1567.016921,465,162.273952
1446.250151,437,162.372975
933.939439,279,162.435678
986.399467,303,162.50436
2962.111009,913,162.712223
1186.592811,361,163.184756
1687.955447,544,163.309659
2409.522799,727,163.47237
896.543699,261,163.530254
1078.257302,317,164.185726
1738.923853,514,164.30379
1963.125327,593,164.43855
2064.152867,609,164.574691
668.74508,205,164.620814
1042.643304,308,165.148314
3254.153913,1000,165.377271
2668.925221,806,166.946447
2941.436615,878,167.140671
676.416579,219,167.189345
884.377523,260,167.24679
1086.396064,326,167.318492
998.650828,303,167.385129
3125.583524,1000,168.099508
1794.795759,526,168.218104
3062.429125,1000,168.884424
1937.451432,579,169.018714
1040.883278,316,169.090375
3030.051544,911,169.99793
1271.687256,377,170.085279
2533.52919,759,170.25813
973.604726,306,170.326286
972.07148,281,170.389583
3145.880931,953,170.967361
1152.1641,333,171.041327
3119.232611,1000,171.683735
1247.446432,389,171.770833
2935.201319,1000,171.997216
1539.395585,457,172.0973
1555.952983,485,172.890595
2484.981493,751,173.05702
1082.522048,313,173.126953
3111.144685,1000,173.756731
2355.497377,735,173.920552
1364.761395,443,174.019119
1115.695347,346,174.096794
3060.587758,974,174.659491
733.074168,264,174.718488
2860.456838,836,174.902824
970.645632,289,175.369697
2173.925992,664,175.520444
2264.459775,660,175.668794
1347.479979,381,175.753994
2638.886987,822,176.49077
983.52186,295,176.556752
1368.768002,410,176.64928
827.427633,243,176.70345
1122.789472,329,176.776562
1602.313187,474,177.243438
3032.372287,917,177.447116
1550.944896,477,177.55408
1609.693935,493,178.037981
789.397874,232,178.091769
956.523622,294,178.160058
1197.387312,347,178.241528
767.352278,229,178.293326
725.300268,218,178.341573
1210.467328,343,178.417317
811.278827,238,178.866878
1079.703881,312,178.936146
2528.277393,731,179.097509
848.180406,251,179.15372
1553.934405,452,179.254556
1525.179612,443,179.772015
3131.302396,1000,179.997217
1026.387897,295,180.0635
1146.762483,337,180.139052
1042.088809,308,180.694917
2197.676726,635,180.838436
1848.11437,529,180.957052
595.956611,185,180.998682
886.494367,269,181.060472
1039.715524,306,181.129664
1484.577315,441,181.655954
994.04996,289,181.727591
2245.822886,646,181.874042
1633.005471,487,181.983915
885.328286,263,182.433817
3057.89989,1000,182.681711
2403.208814,716,182.846666
2023.39556,623,183.472591
563.587852,194,183.517262
1306.319558,379,183.60348
3216.204126,1000,183.82856
1283.631238,374,184.330714
1033.107448,306,184.402154
607.847685,195,184.446406
1164.562059,335,184.521437
1297.534859,375,184.613387
1005.277655,300,184.68126
675.48474,208,184.728553
2167.730212,647,185.337373
815.384319,243,185.391837
1973.710541,570,185.518027
994.163629,281,185.579773
2759.931552,799,186.16594
2608.733087,754,186.341179
2070.098457,602,186.476999
1591.673747,509,186.969154
2322.497623,672,187.120594
986.818453,282,187.183921
1646.301635,470,187.289036
668.00931,215,187.336569
3122.225114,1000,187.956247
1850.865833,532,188.074322
1358.290639,418,188.167443
1529.540369,443,188.655204
913.524926,264,188.725377
729.264649,219,188.775656
1788.097229,507,188.891332
755.704367,223,188.941157
995.162042,291,189.006123
993.026397,283,189.068936
1224.068176,360,189.969403
885.964091,253,190.026084
2783.388565,831,190.229882
1697.376545,514,190.352047
2872.18164,826,191.150632
992.209454,280,191.212902
2106.289365,648,191.363136
1783.846511,531,191.984004
1866.632656,565,192.119096
837.607844,234,192.177207
1494.468586,427,192.273481
1791.907049,538,192.392196
1131.626308,326,193.001349
2595.946,759,193.171668
1656.756164,492,193.280846
1034.2173,295,193.347396
1293.721581,376,193.432328
2352.066758,691,194.098843
1300.287342,370,194.181035
947.141982,271,194.241208
1204.953937,351,194.319299
1035.309849,304,194.388235
1235.557385,355,194.980764
2780.166156,808,195.164036
2571.025473,786,195.341291
816.05406,255,195.841377
1463.101394,427,195.939805
2820.393279,848,196.131015
656.917638,203,196.176292
2735.049727,815,196.773491
1968.176208,570,196.900142
1388.443331,412,196.991384
2340.309682,674,197.150837
978.425281,291,197.770528
1799.344369,529,197.890874
2279.379209,647,198.037867
930.687077,276,198.099829
625.481639,209,198.14771
375.422549,141,198.179627
2402.999725,706,198.683526
2852.031008,833,198.869548
964.027134,273,198.930537
919.262745,275,199.443481
3194.522453,1000,199.677576
1407.096696,422,199.770355
916.515362,277,199.831177
1130.377156,327,199.903554
1473.871992,435,200.60833
909.745355,281,200.671118
1742.027788,522,200.789705
3345.012181,1000,201.594944
1139.175449,391,201.686746
1011.934894,295,201.754304
3203.287024,1000,201.980293
896.018897,271,202.435192
2979.852036,861,202.634499
2720.837935,846,202.823965
3369.038765,1000,203.570455
3123.536805,912,203.7766
3398.866939,995,204.423988
1347.819347,388,204.516735
2767.684251,804,204.700772
1967.176556,551,205.273636
2419.289028,719,205.440647
3295.477836,1000,205.669419
2346.169497,684,206.291394
879.785642,275,206.355183
633.045923,209,206.402214
653.237356,215,206.450246
1201.490114,347,206.527554
2833.162296,825,207.153326
1571.969497,442,207.252902
3213.778312,1000,207.478977
3337.480303,1000,208.225693
1236.281757,361,208.310073
3343.57044,1000,208.931154
926.13089,269,208.99158
1302.799334,376,209.074656
1210.601701,378,209.158607
2440.666052,713,209.315998
659.779168,223,209.757212
3383.352807,980,209.977125
3247.302618,1000,210.646086
3304.002692,1000,210.871666
2231.120003,669,211.021091
2157.633803,608,211.597843
909.914158,288,211.664556
896.923035,287,211.744291
1286.576865,379,211.848374
2401.025287,715,212.01081
3319.966561,1000,212.690251
1324.094628,382,212.775458
2357.867713,715,212.934873
3334.425728,1000,213.666989
3332.824621,1000,213.895213
1183.059755,325,214.54317
1653.880021,483,214.653387
1649.653653,491,214.763193
2322.818454,684,214.916154
1875.271735,558,215.599017
764.714303,244,215.654455
2428.800352,688,215.825736
3376.627978,1000,216.405488
3232.309861,1000,216.631442
1029.994841,299,216.698447
1393.823434,440,216.797052
3375.063431,1000,217.386928
2038.991247,575,217.515482
694.422727,226,217.565972
2113.206215,601,218.064874
489.896462,179,218.105139
1284.723472,378,218.189462
1024.633469,299,218.256289
862.374124,255,218.313593
3451.123332,1000,218.917562
3407.643832,1000,219.142631
1472.461247,425,219.238597
3000.257209,894,219.858638
1030.54778,303,219.926563
3423.196346,1000,220.149456
1008.730301,354,220.674476
1381.998237,402,220.764169
2493.591277,722,220.927575
133.625615,68,220.943589
2667.919371,772,221.492976
1917.723422,553,221.625
2626.628627,763,221.799514
777.848147,262,221.859505
1328.271329,380,222.474417
3404.374812,1000,222.702591
2214.655565,642,222.846506
3030.606553,854,223.452187
1943.242392,550,223.574912
601.348645,200,223.619721
1174.569009,338,223.695752
987.296116,278,223.75789
1003.952562,291,224.229101
1029.371585,287,224.293826
1533.091286,428,224.390684
1149.616962,335,224.466757
1594.55332,458,224.569804
1312.404119,368,224.652198
1026.709048,288,225.190524
3440.444392,1000,225.415652
1192.483438,325,225.491288
1833.561547,523,225.98184
2173.612505,613,226.118684
1280.243122,363,226.199131
1362.141083,380,226.283542
2805.700566,799,226.871759
1053.661856,297,226.938519
1008.233565,286,227.002449
1291.402566,390,227.089502
1015.634524,320,227.16146
1792.967312,505,227.274187
1379.207836,381,228.249863
1049.643941,306,228.324079
1888.079485,539,228.449426
1162.280246,336,228.527097
1443.266355,409,228.618214
979.284896,275,229.122648
1013.650794,286,229.188306
1991.879289,557,229.315133
1210.284423,337,229.391069
1041.697778,332,229.465235
738.699204,232,229.516569
1419.305387,389,229.95397
1726.239706,486,230.061642
1102.557062,313,230.131036
987.629968,275,230.191834
743.917404,232,230.243566
3166.373346,920,230.859957
924.582135,268,230.919516
2578.50904,749,231.085705
2574.178878,721,231.615451
3363.507277,1000,231.837701
3327.315268,936,232.045416
1246.754331,361,232.519913
1093.486698,312,232.589755
956.767428,274,232.650553
1043.803614,322,232.722712
1047.320981,293,232.788154
1769.298051,492,232.89807
3303.327388,926,233.462292
1400.22468,394,233.549851
1078.325787,297,233.615998
954.102905,271,233.676629
796.730475,242,234.091757
3294.795086,1000,234.338189
1217.936433,350,234.416869
745.412597,238,234.470274
1029.295584,325,234.543082
3491.609253,1000,235.268602
1483.901574,406,235.359267
1018.985479,291,235.424191
470.111774,171,235.462844
3473.566664,1000,237.776201
1118.577874,321,237.847355
2123.386923,594,237.978541
1724.28958,472,238.498223
3321.332101,1000,238.726919
2231.061294,614,238.861754
2772.742851,773,239.380011
1357.167313,426,239.475501
1839.850636,514,239.589264
2397.957344,666,239.736746
3381.265613,1000,240.318935
3360.005956,1000,240.542694
3262.046519,1000,241.280682
2921.933503,857,241.471011
119.021392,65,241.486037
3337.035857,1000,242.116704
3246.270229,1000,242.33927
1533.780251,452,242.955887
3352.579535,1000,243.178692
2714.787086,786,243.353583
2424.554547,680,243.890298
3409.318175,1000,244.112925
946.906605,273,244.17449
2030.282756,555,244.651833
1424.529046,404,244.741704
864.246463,249,244.797159
119.379373,65,244.812083
2169.089877,600,244.944716
989.025915,293,245.009751
3454.579706,1000,245.742316
1505.963413,411,245.834239
1952.336692,545,245.95612
781.555963,238,246.424333
2405.840716,671,246.572419
3455.405293,1000,246.794225
1101.6467,313,247.271895
1483.447305,475,247.382958
3327.584056,1000,247.609554
3400.457006,1000,248.270819
3449.84485,1000,248.495161
1624.252115,464,248.597775
1844.172262,515,249.147906
957.063854,270,249.209693
956.794322,268,249.27091
1315.353067,374,249.354707
1097.561106,323,249.426879
1621.032454,456,249.910265
1573.313497,453,250.012608
1133.820666,320,250.084184
976.379676,279,250.150465
1562.940084,448,250.252795
1289.666251,369,250.335426
945.283772,272,250.82221
1908.531186,538,250.94182
128.045042,70,250.957929
924.312431,267,251.017763
1534.468525,444,251.116241
965.063047,283,251.179404
1896.538203,528,251.717192
824.086753,238,251.770888
3408.904028,1000,252.006378
3572.484525,1000,252.748858
3029.791297,852,252.947505
1608.326639,450,253.04807
1711.116885,473,253.668527
1031.026106,297,253.735755
3413.627552,1000,253.961355
2673.720272,769,254.634214
3285.051937,1000,254.866979
3306.773525,1000,255.550567
1194.922717,361,255.632253
2269.246756,639,255.775872
965.063044,282,255.839055
3438.041797,1000,256.486606
1066.511652,303,256.556192
1476.846693,443,256.657206
582.562024,197,256.702316
952.966762,295,256.768549
3169.806825,907,257.392347
2923.785308,846,257.580209
2266.116578,639,257.721819
1448.553856,440,258.222673
1151.384427,351,258.301844
1479.62449,442,258.400619
1551.284972,459,258.504527
1926.403147,547,259.054771
1870.318592,539,259.177009
3441.430062,1000,259.401397
583.736511,204,259.447538
122.171807,65,259.462523
1512.186467,463,259.978334
3383.881017,1000,260.20391
1223.596787,362,260.284886
914.368062,277,260.347006
1281.536639,359,260.840219
3334.669731,1000,261.065785
3405.018579,1000,261.705917
3455.030385,1000,261.931083
2705.835032,756,262.099645
1970.142527,552,262.96987
2925.167384,838,263.159001
1216.210749,343,263.236266
3542.465338,1000,263.884475
2755.035902,780,264.059471
2120.736666,587,264.189887
1696.778466,479,264.813558
2346.053139,662,264.969192
3402.444069,1000,265.197229
3310.747214,1000,265.907242
3228.931206,1000,266.134042
2901.017474,842,266.756215
3383.624275,1000,266.981613
3478.71082,1000,267.592057
2866.837335,820,267.77567
1526.409471,457,267.877593
1575.159277,442,268.428388
3456.045018,1000,268.652297
3340.242948,1000,269.375833
3390.428278,1000,269.601665
3474.976697,1000,270.181325
1330.607287,392,270.268317
1755.724898,486,270.375596
2440.404632,685,270.530794
908.203902,270,271.063001
3479.865932,1000,271.289748
3472.92605,1000,272.019229
3143.04534,906,272.221102
1319.566364,379,272.305179
1568.737801,482,272.412693
1277.939584,371,272.845016
3424.362481,1000,273.072999
1521.932731,423,273.167141
2537.829924,714,273.687832
1555.713758,443,273.786447
120.825329,66,273.801753
849.976516,251,273.858034
1412.031615,395,273.946121
1080.400397,313,274.038439
1093.64062,318,274.124541
1265.254734,386,274.615297
966.380814,277,274.679528
964.236783,270,274.741584
973.004462,270,274.803371
906.654609,261,274.863127
776.108875,234,274.916362
949.485473,268,274.976891
784.461946,232,275.396667
1826.522882,503,275.509433
1213.6042,340,275.586267
952.939145,268,275.64684
1127.517659,310,275.715842
696.221474,219,275.76468
1345.70673,387,276.205183
873.918002,245,276.260331
988.644695,281,276.323683
118.10883,65,276.338696
697.395041,217,276.387437
3049.278084,862,276.579512
1944.82274,553,277.066979
1189.108665,344,277.144773
3445.280663,978,277.363727
1222.719466,340,277.440151
1109.384416,324,278.01938
1084.161914,305,278.088077
3482.110046,1000,278.31643
1397.465217,393,278.406494
1837.154949,508,278.975135
2726.754542,768,279.161734
1838.810641,507,279.275795
930.429159,267,279.336222
1104.02307,310,280.874382
1581.811941,457,280.98034
1596.29692,439,281.078484
801.415633,238,281.131375
934.714816,276,281.193054
1548.149945,431,281.289195
2007.322427,565,281.800638
3432.898172,1000,282.028848
1107.087988,309,282.097339
1275.321668,388,282.587442
2854.00776,824,282.774458
1177.701498,322,282.846905
2329.941061,659,282.996462
1338.462124,373,283.466754
1081.511993,327,283.548812
3425.780532,1000,283.785039
2696.090211,762,284.453957
1605.994805,463,284.558036
2518.219896,712,284.717243
2101.251692,605,285.470061
3529.573036,1000,285.706024
2071.514962,574,285.835489
1272.299517,355,285.914671
2112.10061,586,286.454262
1109.264322,308,286.522523
2451.442605,719,286.682851
1402.40887,392,286.770304
878.009756,259,287.296479
1117.121946,312,287.367594
1089.281117,294,287.433148
1151.579913,320,287.505811
1371.540762,379,287.592452
675.308341,203,287.640141
1287.518309,355,287.720682
1356.012142,378,288.199571
835.638704,233,288.251732
1573.247394,437,288.354825
1793.355193,494,288.467831
1579.701589,454,288.570475
1245.732127,352,289.064522
1138.469366,309,289.135835
999.643212,295,289.206639
3187.475221,883,289.427212
2626.22832,726,290.062044
2247.02528,642,290.20566
1256.316797,392,290.293122
1063.226068,296,290.359027
1033.34713,292,290.823797
1703.176888,465,290.932405
1012.04143,285,290.998475
1469.956554,409,291.091419
1824.537538,520,291.207556
1033.833944,295,291.274703
988.860246,279,291.805253
1286.361766,361,291.886274
2402.663368,682,292.040896
1486.555152,423,292.136112
1558.732391,430,292.597383
1458.132024,404,292.697263
1209.837505,332,292.774763
1631.906757,472,292.880951
1828.809489,507,292.994391
1005.22128,278,293.472041
1966.342056,540,293.592927
1054.651653,286,293.672206
740.231816,220,293.720551
833.327237,234,293.771703
2405.825013,686,293.923816
2554.588431,700,294.435145
1032.825766,285,294.49839
3551.269516,1000,294.720858
833.663652,233,295.122253
964.138154,272,295.18324
1130.220494,326,295.256724
909.113825,259,295.314694
1026.724953,289,295.378688
1112.090857,314,295.449169
1381.453192,382,295.533961
1282.220216,376,295.978703
1173.540215,320,296.050039
1595.997372,443,296.148667
1375.784379,382,296.233858
1236.788159,343,296.310252
1430.324892,394,296.779201
1704.649323,483,296.911226
1316.74928,367,296.992462
1210.492279,344,297.068521
2816.62366,774,297.72646
3592.313205,1000,297.948045
1295.33585,362,298.028122
1275.120643,352,298.112496
2892.907287,836,298.643269
1565.210953,435,298.740867
1803.8051,492,298.8507
2647.42901,776,299.432235
1502.649779,409,299.524974
2862.408252,793,299.70464
3463.13211,1000,300.34283
1851.288663,521,300.462402
3398.952661,941,300.672921
1654.927949,466,301.192453
1608.312511,441,301.303418
3443.327031,1000,301.529345
2285.57063,622,302.210317
1667.771433,479,302.316424
1629.786984,446,302.414658
3460.292391,1000,303.193643
1258.251904,345,303.270883
2089.28935,571,303.398564
1151.751674,328,303.472206
1331.096871,363,303.553156
1821.312623,502,304.09584
2619.90105,717,304.25874
2470.057486,713,304.419583
1037.278122,292,304.485053
1791.907236,511,304.963799
1324.23877,366,305.045225
1097.477564,307,305.113703
2617.506227,725,305.276072
1004.814157,289,305.340435
1323.175459,363,305.868468
1538.455447,425,305.963982
1261.280103,349,306.042287
1406.920816,377,306.126163
1249.262263,346,306.203167
1892.050764,533,306.706393
2406.719901,661,306.855738
3486.621408,1000,307.082329
1402.578742,388,307.520519
3193.671567,888,307.71988
921.092255,258,307.778438
1122.318896,308,307.863934
1425.315652,391,308.316772
2319.292013,645,308.461276
1532.98454,423,308.55531
3556.977894,966,309.135135
3453.9418,1000,309.359205
3474.063489,1000,309.937452
1238.498789,329,310.011145
1296.676704,373,310.093734
129.417279,67,310.109185
1667.904673,473,310.230402
2846.660411,790,310.812107
1589.575308,432,310.909063
3392.223054,1000,311.132318
2324.840958,649,311.633486
1233.851183,359,311.713501
848.866576,267,311.773029
1180.909732,321,311.844247
1045.63504,290,311.908216
1447.904277,402,311.997066
1312.07533,354,312.4325
1104.538497,298,312.49959
601.839233,193,312.543124
1471.978719,399,312.632088
862.905712,270,312.692531
1840.434815,530,312.810418
1991.79983,554,313.278995
1236.003174,366,313.360502
3493.034128,1000,313.582852
1398.841843,376,313.66657
3102.926523,860,314.220361
2830.152931,794,314.39738
1983.241416,546,314.865675
110.544346,60,314.879658
3373.604305,920,315.084269
1614.971158,443,315.182222
1409.19714,396,315.269887
2196.34075,627,315.769425
3347.219582,943,315.979871
1874.428801,518,316.095629
1330.526902,368,316.558661
1779.508342,492,316.683301
946.321954,288,316.771201
3463.358988,1000,317.012578
3486.933176,1000,317.590244
3450.79308,1000,317.828949
2480.407092,689,318.347632
2620.693709,726,318.509011
2304.286428,650,318.652753
1581.645643,431,319.094502
3493.775193,1000,319.316544
3627.678974,1000,319.899135
2384.911835,664,320.049186
1272.489535,346,320.125863
1749.79326,483,320.232266
2828.469697,782,320.793074
1941.209653,532,320.910522
2497.054338,682,321.062207
2848.286912,789,321.592502
1172.111659,324,321.664736
2130.486815,587,321.795226
1589.411929,432,321.891702
2556.079339,703,322.411409
1708.523573,478,322.51889
3295.138121,917,322.722819
3430.494556,1000,323.31174
3407.032189,1000,323.536796
3397.699096,937,324.090454
3007.310409,831,324.27718
3453.668982,1000,324.995741
1238.304819,350,325.075053
1748.552411,482,325.186578
2750.628832,759,325.743509
3495.469757,1000,325.96821
3458.978878,1000,326.545069
3016.754052,834,326.742567
1701.169229,476,326.848805
1862.595115,520,326.96453
2434.576723,675,327.470419
1046.519755,297,327.53615
1554.532446,427,327.630926
2210.784325,617,327.767783
1401.904701,394,328.221567
2754.272016,764,328.391235
1321.728194,378,328.475328
897.300056,254,328.532299
2824.954701,778,329.078908
3350.035379,938,329.290883
2498.977781,692,329.445387
1608.358383,446,329.91096
1374.546365,381,329.997479
2530.396942,708,330.160871
1293.6537,354,330.239566
1293.357321,357,330.830813
1541.928566,417,330.929792
1351.712487,378,331.014898
2466.787349,680,331.17052
1294.903708,365,331.255782
3499.141632,1000,331.925184
3511.825448,1000,332.148423
1379.761693,383,333.135266
3462.690989,1000,333.360803
1320.711113,361,333.44123
1835.672759,510,334.184247
1554.594964,423,334.280592
1186.952126,332,334.355808
3451.59907,1000,334.581017
3390.757078,935,335.172483
2173.458492,598,335.309963
2132.357322,600,335.444279
1108.371644,305,335.981518
297.82173,119,336.008934
3525.608868,1000,336.232627
2548.294762,695,336.391258
1663.036502,453,336.920872
2625.479909,727,337.085414
3210.325608,871,337.281147
1303.486077,366,337.887994
1672.820711,451,337.996729
1373.250147,372,338.079119
1216.601435,335,338.153625
1107.303634,306,338.221438
1051.694692,296,338.287038
1307.629601,364,338.888403
1028.399276,285,338.952086
1123.76395,317,339.023059
1657.112098,454,339.123682
1034.176015,291,339.207694
2517.302249,682,339.730494
1628.644253,452,339.831224
1227.571059,333,339.906425
1376.246765,374,339.990147
1697.836931,466,340.093229
3517.881653,1000,340.704426
1332.222762,367,340.786719
1364.22324,371,340.869478
129.690472,66,340.884929
3493.954037,1000,341.456869
3506.258261,1000,341.678934
1919.619966,528,342.172569
1233.058971,338,342.248197
1075.912113,302,342.315284
1504.830109,411,342.407041
2970.26258,815,342.606785
1076.110067,300,343.069133
1379.517368,374,343.153057
1261.462575,346,343.229939
1320.534436,368,343.310816
1344.022458,361,343.390278
1047.146468,291,343.454399
3626.21641,1000,344.028944
2636.890549,727,344.190453
1335.264804,357,344.269091
2894.214236,792,344.94247
891.210152,255,344.99976
1022.591233,293,345.064366
1385.957023,388,345.150461
1014.886763,283,345.213826
1118.240436,304,345.625454
2263.603681,614,345.76138
1225.496968,339,345.837181
1424.074702,382,345.922126
2719.614007,739,346.429494
3437.810954,1000,346.654413
3610.211834,1000,347.251739
1254.536364,342,347.332528
1683.505252,465,347.440436
1352.145194,365,347.526046
1135.113294,318,347.603397
1094.176562,299,347.673259
1074.126265,296,348.109494
1366.574439,376,348.194921
1090.053653,296,348.261638
1986.265929,548,348.385765
1302.019878,359,348.466384
3493.158179,1000,349.428619
1343.60621,361,349.508663
2733.390224,758,349.676967
2009.856522,548,350.178635
1210.234408,332,350.2523
962.960428,267,350.311353
1158.965112,317,350.381282
1303.969736,364,350.479929
3472.797685,1000,351.189138
3566.641822,1000,351.411317
1396.666251,375,351.494189
1497.419086,414,351.9511
1153.146217,318,352.022836
1866.375788,506,352.135981
1163.723119,317,352.207461
1223.162039,341,352.283343
1233.456347,340,352.769264
1626.280642,442,352.871467
3457.732027,1000,353.098664
3359.367444,926,353.657777
1423.467838,379,353.741162
2313.330969,681,353.891396
3578.013748,1000,354.496987
1112.495916,312,354.568848
2373.555481,650,354.717866
2514.359309,698,355.234119
3478.849945,1000,355.458076
3450.093779,1000,356.035633
1404.692212,418,356.129217
1945.334216,541,356.249974
1149.802264,312,356.319834
1459.343786,400,356.409455
1088.951895,297,356.475116
3205.076475,887,357.03181
1753.090193,477,357.137164
3077.534624,843,357.698272
1333.257633,376,357.781551
1043.557465,295,357.846795
1026.440989,282,357.910178
990.944608,278,357.971624
1519.994046,420,358.065021
786.576824,231,358.116132
1058.876656,297,358.540457
1506.600583,411,358.630773
986.530737,272,358.690054
1153.611805,323,358.761332
2054.984837,562,358.884778
2540.602259,694,359.379488
2531.728536,716,359.538489
3252.43125,885,360.073514
1254.552173,342,360.149604
3501.95982,1000,360.371153
3472.786757,1000,360.933898
3502.062691,1000,361.155193
3606.616804,1000,361.748609
1250.005574,344,361.824483
125.825462,65,361.839361
132.304157,67,361.854674
1039.549265,295,361.919656
1485.293182,407,362.009652
1729.022288,477,362.114905
119.69936,63,362.129237
1323.586933,382,362.588079
1383.202545,388,362.673875
1503.877736,412,362.764759
2319.899494,626,362.902587
1170.662621,318,363.312452
1586.121901,426,363.40748
2067.161429,568,363.533897
1107.491379,306,363.60161
1014.752759,279,363.66301
1937.173314,527,364.133453
1184.683205,328,364.206264
1104.895342,306,364.27406
1942.386945,535,364.392121
3490.379456,1000,364.963073
3485.980122,1000,365.185693
1038.715787,291,365.249712
2464.482755,672,365.865633
1582.802623,439,365.962719
3510.535244,1000,366.184316
1628.85407,442,366.281908
1711.485736,463,366.849607
3470.579614,961,367.06253
1093.797152,297,367.128268
1107.565487,310,367.197072
1331.117886,366,367.617691
1701.393676,461,367.719331
1297.167257,353,367.797091
1669.193257,461,367.903387
1009.021968,289,367.971896
2192.24226,597,368.667003
2570.577398,713,368.832179
2624.84675,720,368.999311
2917.566116,804,371.320702
2426.940493,661,371.470717
1603.481245,434,371.566875
3453.014776,1000,372.185227
3581.587445,1000,372.40925
2685.74866,747,372.985337
2572.876384,703,373.142411
1157.18612,319,373.213664
1201.55822,332,373.288805
1387.684716,382,374.605958
1100.91491,308,374.679228
1456.174387,391,374.771393
1299.247089,360,374.854121
1420.075998,384,374.940628
1326.019791,362,375.021926
1261.105014,339,376.222268
2521.251363,683,376.375065
1313.44164,355,376.453879
1202.243038,324,376.526917
3498.615153,1000,377.144261
3454.621499,1000,377.375339
2021.227843,556,377.501267
3511.854228,1000,378.305133
1113.571732,308,378.375585
2161.187701,590,378.508029
1359.690597,369,379.168027
3499.241589,1000,379.418623
3466.505774,1000,380.121613
1585.857199,436,380.218927
1941.063323,532,380.337186
1547.914423,410,380.428166
1577.821188,431,380.524207
2398.182709,648,382.165638
1374.629968,374,382.248275
1425.701442,423,382.342005
1188.497523,327,382.415145
3572.966044,1000,383.043368
1613.822743,440,383.140931
866.415786,239,383.194368
2671.446334,726,383.356535
1404.319126,374,383.803452
3502.728344,1000,384.029774
1295.536869,348,384.106845
2708.585406,737,384.814503
1228.556128,336,384.895015
1055.744776,287,384.972834
1021.556978,280,385.035951
1434.39,389,385.124176
1252.724765,338,385.202899
1176.643026,316,385.625187
273.634599,110,385.650221
2046.77353,548,385.772452
114.530256,62,385.786939
1164.245193,313,385.860196
112.863847,61,385.874731
1202.223381,321,385.948784
1901.004848,504,386.45069
3520.234327,1000,386.676966
3521.153588,1000,387.317422
2027.964011,551,387.440209
1042.929491,290,387.506544
927.093351,259,387.567348
1510.345502,406,387.660592
843.377987,238,387.713412
136.014424,69,387.729249
111.458278,61,387.743182
1030.406036,289,388.247686
1355.55578,360,388.327369
2265.503174,609,388.466
1212.146567,319,388.538307
1182.496964,316,388.609501
1350.74194,371,389.101989
137.88593,69,389.118584
2167.730786,584,389.249678
1910.138632,513,389.364077
997.738003,271,389.424557
1694.279094,455,389.524531
1103.636432,296,390.219845
1382.159849,378,390.305876
1487.830357,393,390.394329
766.349577,214,390.443281
688.387259,206,390.489872
927.615084,257,390.549479
1289.135347,341,391.200354
1400.323372,386,391.286965
3539.586029,961,391.499846
1337.806733,366,391.580932
834.891155,233,391.633033
3632.327921,1000,392.234845
3507.447127,946,392.444198
3130.033815,856,393.004265
1464.524523,395,393.091735
1276.954606,349,393.168311
946.592188,261,393.228859
1383.465953,380,393.724929
1900.711723,513,393.846455
1127.399883,300,393.913606
1246.244218,336,393.989254
899.506556,244,394.045265
1372.892508,369,394.127115
1886.405281,516,395.814814
1911.897227,514,395.930321
914.34194,240,395.984405
1386.070774,364,396.065077
950.194281,257,396.121938
2378.989539,652,396.648654
1661.924571,451,396.74943
1550.112017,410,396.841032
1579.440346,422,396.934382
2699.9623,739,397.566854
1791.226874,482,397.701644
1547.303256,416,397.796685
3121.582884,851,397.983661
2149.761977,579,398.484679
1178.722038,313,398.553699
1588.969985,434,398.648993
1541.785987,415,398.740391
1215.377735,326,398.812011
1462.688504,393,399.313677
2445.798152,662,399.45951
3067.108771,830,399.643853
1542.46788,410,400.489961
629.284774,197,400.541239
1281.404899,337,400.620895
1155.493085,342,400.699526
874.064697,264,400.758923
310.732699,119,400.786127
1421.865057,413,400.879139
561.830675,188,400.922423
301.907852,116,402.168078
301.579718,116,402.194054
1432.044435,385,402.278968
1136.489009,300,402.345243
1028.638937,279,402.408702
2215.669408,600,402.554468
1022.163455,277,402.615029
1443.465973,388,403.060194
1441.20499,381,403.144159
2076.315442,554,403.265815
1221.718545,331,403.338644
3034.730907,829,403.910213
2596.916024,708,404.071445
3542.280623,1000,404.691478
1984.136497,535,404.809858
2542.455007,694,404.963049
2904.08795,799,405.48132
3478.682795,1000,405.703621
1807.456169,491,405.817225
3295.409185,898,406.392498
1251.801131,336,406.468021
1239.072592,329,406.54097
1554.1916,423,406.635882
2464.324207,690,408.328783
1335.789314,359,408.408151
1412.165912,378,408.491508
858.594449,233,408.54305
3138.705902,891,408.762524
2734.836441,742,409.368253
1365.721735,371,409.454036
1590.904247,431,409.551528
2513.32726,675,410.092271
1098.692216,337,410.174872
1704.03366,454,410.278043
944.933651,254,410.334962
2749.635891,753,410.505465
1253.427227,343,411.089261
1506.380613,410,411.18133
1534.662685,417,411.273558
2199.235218,600,411.408914
1620.056624,440,411.911195
1220.19752,336,411.986051
1298.774723,353,412.064119
990.496662,268,412.123457
1291.72659,340,412.199183
118.451619,63,412.213743
1064.063369,293,412.281447
1229.281099,335,412.357693
1060.457951,290,412.880566
1392.156511,372,412.966582
933.045302,272,413.029153
1067.86829,298,413.097517
952.603741,265,413.156487
1017.309166,273,413.219767
1560.426003,423,413.762527
1165.808526,315,413.832688
1571.782528,424,413.929166
2607.589237,705,414.084724
1137.979164,311,414.153936
1179.642052,313,414.587734
1338.460834,366,414.669
1257.397257,339,414.744602
1074.583597,293,414.809371
998.238649,273,414.869677
1581.103482,430,414.965109
2618.515883,721,415.480415
693.664187,204,415.526447
1823.607024,501,415.6424
1638.809454,450,415.747438
1541.02051,415,416.199384
1329.307296,360,416.281216
1816.480146,501,416.395221
1573.180434,422,416.489716
3492.860133,1000,417.101025
1542.200105,412,417.193523
1351.199598,364,417.275225
2270.023765,630,417.416078
2031.518104,555,418.006874
1096.831036,299,418.073698
3429.171146,1000,418.296396
3477.851786,1000,418.900972
2739.767056,763,419.07581
3266.771229,901,419.75188
3396.612028,924,419.961805
1865.141895,528,420.079223
1282.248533,343,420.158144
3382.309374,934,420.846059
712.145577,225,420.896237
2115.224172,578,421.023999
3546.210091,1000,421.631399
1445.577781,389,421.722151
1166.759122,315,421.793525
1551.745873,418,421.887835
1276.642666,349,421.965693
1241.904966,335,422.667458
1282.655221,356,422.748287
1221.935059,330,422.823507
1167.423948,318,422.895459
1189.265081,318,422.967647
1233.766467,337,423.045112
1568.007972,419,423.700332
1209.992822,338,423.776099
2869.146184,775,423.950622
1320.789719,353,424.029107
623.664871,191,424.074416
3502.188519,1000,424.864172
2894.583616,798,425.044251
1590.246498,429,425.615082
1267.170167,382,425.703934
2465.152541,676,425.854692
3461.660674,1000,426.580956
2037.898411,555,426.708928
3554.885071,1000,426.950515
2451.414861,665,427.519172
1042.754309,303,427.587149
1249.955602,335,427.661691
1566.586744,453,427.763394
3485.973828,1000,428.417416
3427.93,1000,428.639508
882.84432,247,428.696004
3226.614098,880,429.249649
3485.197906,1000,429.474837
576.907074,183,429.516061
942.09476,259,429.573919
798.381052,224,429.624111
3466.353082,1000,430.245525
1565.234731,429,430.340353
3092.41785,855,431.204079
3470.174354,1000,431.42988
3462.103894,1000,432.013614
2059.754368,572,432.141965
1255.432911,342,432.217365
1318.761867,371,432.299142
1746.826159,470,432.402713
1310.423116,371,432.864605
875.729056,254,432.921846
1007.077246,285,432.98612
1477.751819,402,433.075917
2078.33093,568,433.202649
1489.289031,407,433.793231
1128.052001,313,433.862614
1316.397558,350,433.940773
1799.293582,495,434.050299
1389.045049,386,434.135606
1972.323246,537,434.600527
1515.023133,421,434.694305
1222.257839,343,434.770202
2519.573189,685,434.921703
1335.26571,365,435.002132
1323.071364,368,435.513893
3542.333501,1000,435.744351
1263.44261,344,435.823465
1310.63818,367,435.907182
2104.080707,573,436.548423
3126.011352,855,436.742379
3092.288781,859,437.470918
1600.390583,443,437.571394
1563.558411,432,437.667855
1214.618188,326,437.742055
1220.018412,329,437.818904
1561.155537,423,438.433846
1565.226937,431,438.5463
1110.766064,303,438.618308
2806.189471,775,438.79551
3521.208219,1000,439.500221
3094.995009,845,439.692889
3628.826923,1000,440.582629
1263.105199,349,440.665105
2752.576008,755,440.835681
1386.945495,375,440.919001
3503.225775,1000,441.825736
3521.967563,962,442.043578
3582.144799,1000,443.770856
3503.677857,1000,443.996606
1078.728967,301,444.064786
3443.627839,1000,444.647031
3453.39593,1000,444.871364
3472.655113,1000,445.467125
3470.346972,1000,445.692739
3485.105822,1000,446.29887
2602.973994,716,446.462753
3485.266217,1000,447.057717
3363.47092,919,447.262777
3429.741242,935,447.840235
3311.432653,901,448.041249
1589.530051,437,448.138705
3115.958737,846,448.811552
1499.726509,410,448.906179
1578.228897,425,449.005442
1679.324762,455,449.109397
3499.165522,1000,449.854828
3515.805971,1000,450.080443
3666.113538,1000,450.671906
3045.300851,830,450.869657
1847.191766,494,450.979264
1266.370572,345,451.446455
2142.125902,570,451.576679
2681.101708,729,451.742008
1311.921988,357,451.820323
2128.540555,588,452.359838
986.511778,276,452.422435
1096.107842,297,452.489288
1381.721709,368,452.573007
1256.37941,333,452.648236
1294.622049,363,453.154678
1104.268659,304,453.233809
2115.200083,572,453.369149
3260.448262,886,453.56727
1373.498993,366,454.033869
3208.082327,872,454.237093
1726.431997,470,454.343132
1405.180688,381,454.428756
931.756398,260,454.863758
2263.253368,610,455.001316
1275.264052,338,455.077854
978.693038,273,455.139345
987.790326,269,455.200579
1338.164616,365,455.282588
830.465634,235,455.768981
1394.455565,371,455.855651
1297.44167,347,455.936719
3553.514542,1000,456.161318
2097.117903,553,456.655566
3508.531618,1000,456.880965
3172.57513,870,457.496545
3522.324638,1000,457.727114
3509.270852,948,458.375796
2365.031986,641,458.523154
1856.709893,496,458.635878
1607.511255,434,458.732784
2650.818767,709,459.291288
1480.510476,397,459.385462
2096.148543,560,459.51391
2029.715763,547,459.636735
1297.635737,381,460.081667
1549.980232,415,460.174633
2142.576003,586,460.304175
974.861217,267,460.363429
741.104807,218,460.411914
1319.841718,367,460.493459
1253.325743,357,460.922738
1270.028227,357,461.001749
1107.619372,297,461.066944
1398.401338,372,461.149548
1011.136822,305,461.21763
1626.002316,440,461.674905
1298.325675,355,461.754084
1582.1855,414,461.846262
3530.312228,1000,462.069118
3546.382005,1000,462.804129
3523.851824,1000,463.026728
1562.614282,424,463.526204
3141.71358,843,463.714841
2711.784963,769,463.886133
1647.372111,441,464.371806
2132.360232,569,464.504129
3325.106837,928,464.718298
1313.73456,377,464.802085
