#{"t_start": 1760903258.0887408, "env_id": "HalfCheetah-v5"}
r,l,t
1524.029693,1000,0.748626
1478.725328,1000,0.937507
1535.832354,1000,1.554185
1519.832954,1000,1.742515
1556.673707,1000,2.308061
1540.452709,1000,2.496764
1512.853094,1000,3.055927
1565.597768,1000,3.245141
1576.53881,1000,3.811531
1522.40488,1000,4.002826
1526.074018,1000,4.559989
1525.196677,1000,4.748647
1515.633475,1000,5.331553
1509.766268,1000,5.520361
1556.17601,1000,6.117498
1290.215923,1000,6.305495
1547.1224,1000,6.899076
1567.945686,1000,7.087963
1563.403081,1000,7.670104
1528.367159,1000,7.858202
1553.628424,1000,8.469311
1498.071824,1000,8.661802
1516.768804,1000,9.248849
1507.706507,1000,9.440457
1463.740688,1000,10.011786
1553.365229,1000,10.202373
1538.219626,1000,10.773584
1562.437162,1000,10.966461
1544.788007,1000,11.554889
1558.683506,1000,11.747133
1410.136095,1000,12.309261
1532.793833,1000,12.497361
1473.632055,1000,13.081244
1438.920214,1000,13.274501
1515.390687,1000,13.947682
1404.062991,1000,14.138755
1498.980598,1000,14.703546
1522.634201,1000,14.893801
1525.903295,1000,15.463866
1535.201222,1000,15.655046
1573.808045,1000,16.335763
1540.345806,1000,16.532738
1495.684174,1000,16.720893
1494.777282,1000,17.296042
1551.421191,1000,17.486812
1503.165191,1000,18.071813
1502.07806,1000,18.260686
1408.210474,1000,18.860311
1434.84738,1000,19.048273
1454.823968,1000,19.641092
1419.84017,1000,19.831513
1519.770632,1000,20.418132
1581.441063,1000,20.608088
1562.184928,1000,21.18894
1543.480965,1000,21.377191
1491.076926,1000,22.06262
1552.663335,1000,22.25364
1511.789526,1000,22.830126
1579.667837,1000,23.016839
1396.600634,1000,23.740256
1542.986507,1000,23.925811
1492.475375,1000,24.498497
1483.787684,1000,24.685358
1587.72201,1000,25.342213
597.150606,1000,25.533725
1545.885251,1000,26.124316
1565.151604,1000,26.31131
1517.167006,1000,26.875077
1491.435416,1000,27.061952
1534.553978,1000,27.653404
1579.467306,1000,27.862685
1561.208376,1000,28.625926
1457.547946,1000,28.817374
1512.599771,1000,29.507594
1564.770058,1000,29.698117
1576.712837,1000,30.334052
1546.365069,1000,30.526379
1518.122039,1000,31.149242
1505.3727,1000,31.338285
1393.148214,1000,31.944106
1508.24988,1000,32.138506
1554.460822,1000,32.703948
1546.113619,1000,32.892883
1489.021213,1000,33.520631
1485.956765,1000,33.712166
1587.036662,1000,33.900462
1517.415816,1000,34.49247
1594.879259,1000,34.680148
1505.363766,1000,35.245209
1541.096185,1000,35.438535
1545.664259,1000,36.13227
1456.742811,1000,36.322114
1575.50589,1000,36.939583
1582.842982,1000,37.150576
1586.444532,1000,37.860887
1510.691362,1000,38.048295
1522.444955,1000,38.66979
1614.667589,1000,38.860955
1577.63218,1000,39.551414
1503.94316,1000,39.739726
1511.680934,1000,40.473633
1573.953938,1000,40.66055
1570.265527,1000,41.423729
1584.061274,1000,41.615929
1544.676758,1000,42.229085
1507.815737,1000,42.423461
1546.127569,1000,43.007935
1565.282439,1000,43.2006
1549.055117,1000,43.778988
1524.417946,1000,43.966945
1570.381899,1000,44.542336
1528.636675,1000,44.730873
1502.523649,1000,45.297831
1501.590731,1000,45.48542
1429.760658,1000,46.069507
1590.623128,1000,46.267661
1536.557989,1000,46.980606
1420.838108,1000,47.183229
1555.149654,1000,47.774924
1589.556481,1000,47.964929
1566.573774,1000,48.537571
1593.218716,1000,48.744469
1614.980033,1000,49.357601
1575.032165,1000,49.547276
1530.34424,1000,50.128852
1579.467683,1000,50.321335
1591.014566,1000,50.882299
1571.161642,1000,51.083136
1569.0932,1000,51.27684
1524.239992,1000,51.939702
1550.743312,1000,52.13065
1495.809937,1000,52.727604
1404.8992,1000,52.916342
1554.763363,1000,53.600806
1512.268582,1000,53.790797
1623.02607,1000,54.363455
1595.496729,1000,54.559847
1603.069095,1000,55.160006
1526.105878,1000,55.34909
1572.467978,1000,55.931391
1524.34868,1000,56.13637
1560.971879,1000,56.840786
1551.496679,1000,57.034345
1564.337817,1000,57.618099
1585.407263,1000,57.806654
1562.106048,1000,58.37865
1443.102643,1000,58.575645
1577.78573,1000,59.162289
1508.940625,1000,59.352674
1572.556522,1000,59.97695
1566.063529,1000,60.164603
1531.401185,1000,60.728956
1492.824161,1000,60.917362
1514.068464,1000,61.482681
1587.623655,1000,61.673432
1552.503585,1000,62.356136
1555.442864,1000,62.54833
1554.124013,1000,63.109521
1512.894078,1000,63.302456
1568.245168,1000,64.008924
1535.778249,1000,64.202801
1586.135093,1000,64.775206
1549.415524,1000,64.968632
1558.941613,1000,65.566147
1544.078237,1000,65.764708
1538.551953,1000,66.330244
1543.039239,1000,66.521482
1543.274696,1000,67.082106
1574.5664,1000,67.29325
1506.385941,1000,67.881154
1571.632007,1000,68.073902
1572.27845,1000,68.262224
1547.320777,1000,68.883597
1553.4618,1000,69.073141
1571.419346,1000,69.664165
1253.013671,1000,69.853265
1528.82452,1000,70.44726
1572.785655,1000,70.641019
1526.651017,1000,71.209702
1562.614561,1000,71.401051
1559.230476,1000,72.368927
1535.106608,1000,72.556159
1607.49842,1000,73.23751
1561.465765,1000,73.426141
1573.534781,1000,74.034093
1530.080261,1000,74.233524
1506.48507,1000,74.939226
1577.2846,1000,75.127707
1563.398704,1000,75.739431
1543.844487,1000,75.930707
1609.782557,1000,76.521865
1581.164705,1000,76.713312
1590.737478,1000,77.287259
1622.886368,1000,77.488353
1571.475739,1000,78.185843
1530.733689,1000,78.377713
1515.083812,1000,78.949367
1424.190806,1000,79.138525
1588.898064,1000,79.747938
1584.729799,1000,79.93703
1543.839954,1000,80.834614
1563.649059,1000,81.045136
1566.966,1000,81.809217
1565.684785,1000,82.001993
1563.798167,1000,82.745587
1548.518775,1000,82.956335
679.566002,1000,83.81219
1458.534377,1000,84.018181
1590.417081,1000,91.886241
1503.79353,1000,92.075898
1582.818831,1000,92.687324
1534.257247,1000,92.886705
1571.447621,1000,93.520602
1555.703601,1000,93.71967
561.760416,1000,93.915057
1471.112806,1000,94.509006
1554.700453,1000,94.698408
1523.136025,1000,95.271562
1557.051717,1000,95.46159
1517.335099,1000,96.177814
1597.089852,1000,96.368975
1135.490213,1000,96.998385
1557.415292,1000,97.206405
1489.462891,1000,97.798229
1588.000785,1000,97.986948
1600.793585,1000,98.613231
1580.787257,1000,98.803724
558.845496,1000,99.463643
1555.462817,1000,99.654475
1565.115029,1000,100.452436
1540.053737,1000,100.644277
1504.898259,1000,101.417321
1562.369923,1000,101.628556
1540.183245,1000,102.24117
1426.652988,1000,102.434781
1571.774975,1000,103.258626
1550.765391,1000,103.460109
1583.099234,1000,104.206268
1577.075042,1000,104.415067
1610.5805,1000,105.089742
1574.572682,1000,105.280828
1580.950378,1000,106.046803
1542.753022,1000,106.260256
1579.908205,1000,106.970528
1545.007174,1000,107.162584
1546.178494,1000,107.879994
1547.886372,1000,108.077904
1598.86388,1000,108.879289
1572.218347,1000,109.074085
1609.678775,1000,109.676199
1491.855451,1000,109.873662
1560.569064,1000,110.478666
1571.046871,1000,110.67418
1578.086428,1000,117.037426
1568.121467,1000,117.247384
1569.086329,1000,117.435535
1552.986942,1000,119.299452
1557.216903,1000,119.494605
1545.321352,1000,121.067507
1579.113378,1000,121.266064
1531.895172,1000,122.245118
1552.426453,1000,122.449336
1603.779752,1000,123.533109
1547.409352,1000,123.736081
1576.988526,1000,124.810427
1538.650055,1000,125.00342
1628.09868,1000,125.924456
1359.070098,1000,126.125329
1611.424804,1000,126.851388
1448.132958,1000,127.047716
1559.950309,1000,127.862362
1581.189794,1000,128.053261
1613.702366,1000,128.662967
1601.924755,1000,128.866538
1573.524328,1000,129.837348
1603.224937,1000,130.047754
1563.86474,1000,131.025676
1527.737658,1000,131.221229
1556.855573,1000,132.471079
1575.255966,1000,132.678515
1598.59776,1000,133.802105
1612.103751,1000,133.999209
1553.620494,1000,134.728516
1524.968948,1000,134.928801
1594.849434,1000,136.038562
1582.755845,1000,136.234798
1603.049619,1000,137.459392
1571.510415,1000,137.651779
1527.928383,1000,138.907638
1572.58849,1000,139.11397
1624.784068,1000,140.479214
1491.108888,1000,140.673315
1577.116414,1000,141.991646
1490.971858,1000,142.192209
1567.691536,1000,143.868079
1441.695278,1000,144.064708
1561.277017,1000,144.83231
1463.826281,1000,145.03433
1591.856708,1000,145.226975
1515.552739,1000,145.999961
1548.897797,1000,146.19629
1540.216202,1000,147.057462
1550.044631,1000,147.250881
1592.699455,1000,147.922554
1587.209139,1000,148.112642
1595.678427,1000,148.952165
1641.955631,1000,149.143784
1590.159822,1000,149.79077
1535.407054,1000,150.0051
1598.833967,1000,150.87429
1620.02152,1000,151.065792
1556.297455,1000,151.91462
1593.801891,1000,152.109624
1582.833394,1000,153.317832
1596.947205,1000,153.524523
1569.85493,1000,154.716421
1563.618993,1000,154.908688
1592.613745,1000,155.796425
1610.434128,1000,155.992945
1587.90472,1000,157.117828
1566.452337,1000,157.327023
1619.714614,1000,158.196238
1615.866784,1000,158.388818
1615.124868,1000,159.153757
1592.976922,1000,159.342446
1597.835448,1000,160.10682
1556.977442,1000,160.297225
1523.945032,1000,161.333701
1595.753331,1000,161.544154
1610.594368,1000,162.81856
1558.699394,1000,163.011323
1543.859203,1000,163.632149
1604.001713,1000,163.822033
1604.726115,1000,164.63385
1515.747166,1000,164.829955
1542.877699,1000,165.416017
1540.268281,1000,165.615097
1607.122278,1000,166.168397
1568.902804,1000,166.358851
1574.952501,1000,166.947362
1553.932266,1000,167.138281
1600.333648,1000,167.327614
1551.987715,1000,167.916218
1568.473957,1000,168.105587
1586.473616,1000,168.703936
1604.592552,1000,168.893665
1582.628726,1000,169.484354
1404.446159,1000,169.673759
1591.312839,1000,170.263424
1507.797428,1000,170.455023
1594.797851,1000,171.043996
1572.866061,1000,171.233821
660.362279,1000,171.973597
1574.433176,1000,172.163693
1565.665192,1000,172.848391
1582.790389,1000,173.055019
1497.903582,1000,173.610488
1547.008174,1000,173.798886
1619.56429,1000,174.378901
1590.368123,1000,174.567167
1599.401982,1000,175.192161
1541.682551,1000,175.403482
1559.411626,1000,176.114036
1599.383071,1000,176.303837
1603.356746,1000,176.914089
1445.354213,1000,177.110009
1577.305182,1000,177.676994
1548.241133,1000,177.866363
1565.347569,1000,178.586059
1630.405593,1000,178.790309
1478.979137,1000,179.368504
1576.469106,1000,179.558707
1566.920857,1000,180.12819
1554.120805,1000,180.31588
1547.592556,1000,180.872803
1605.804265,1000,181.06266
1561.913919,1000,181.629547
1490.138571,1000,181.818474
1634.771279,1000,182.380324
1621.324088,1000,182.570168
1588.417991,1000,183.1407
1546.213393,1000,183.330933
1578.298694,1000,184.017498
1620.644553,1000,184.206946
1574.218062,1000,184.396429
1553.716998,1000,185.018937
1563.197931,1000,185.210248
1551.871724,1000,185.935179
1619.754669,1000,186.1242
1568.386045,1000,186.906994
1604.150879,1000,187.097963
1558.84521,1000,187.698873
1559.851787,1000,187.88877
1613.203705,1000,188.64882
1610.633991,1000,188.839138
1585.397045,1000,189.408958
1574.760326,1000,189.597655
1558.619409,1000,190.223136
1530.5959,1000,190.416423
1553.394546,1000,191.166756
1591.327785,1000,191.358433
1594.689372,1000,192.004576
1568.256833,1000,192.193113
1578.990725,1000,192.784541
601.359371,1000,192.979589
1585.15086,1000,193.76521
1611.878937,1000,193.963687
619.512365,1000,194.694241
1626.839961,1000,194.88728
1608.094245,1000,195.496398
1528.916055,1000,195.693974
1543.096946,1000,196.319782
1579.321114,1000,196.509113
1552.696053,1000,197.239178
1594.626496,1000,197.432703
1542.384359,1000,198.057845
1606.506466,1000,198.245121
1603.589532,1000,199.266992
1607.553937,1000,199.460112
1631.883112,1000,200.055091
1560.435198,1000,200.24372
1592.520002,1000,200.792345
1575.718492,1000,200.982734
1580.793891,1000,201.545439
1550.450921,1000,201.751057
664.715413,1000,202.299389
1591.516876,1000,202.487741
1608.992604,1000,202.675384
1424.402201,1000,203.22525
1610.959901,1000,203.412798
1619.497898,1000,203.962314
1590.371599,1000,204.150135
1612.081566,1000,204.734771
1539.542629,1000,204.927109
1539.840218,1000,205.518798
1577.571236,1000,205.70934
1565.067901,1000,206.517971
1372.887259,1000,206.717334
1549.189884,1000,207.329426
1605.611547,1000,207.519797
1605.604659,1000,208.18105
1592.159952,1000,208.376705
1447.978862,1000,209.148586
1614.73493,1000,209.341797
1601.465723,1000,210.001467
1544.107998,1000,210.196677
1593.793372,1000,210.769771
1641.702954,1000,210.963453
1562.793118,1000,211.600592
1596.423031,1000,211.79507
1570.456077,1000,212.492134
1571.215261,1000,212.683414
1535.222022,1000,213.364359
1560.941396,1000,213.56305
1483.872249,1000,214.297804
1582.748481,1000,214.49066
1562.464619,1000,215.478881
1594.857432,1000,215.670758
1577.443274,1000,216.382756
1641.231586,1000,216.572237
1580.489452,1000,217.874002
1602.693476,1000,218.083806
1531.570305,1000,227.849309
678.117658,1000,228.047448
1561.861994,1000,228.624692
1625.295218,1000,228.822849
1585.316119,1000,229.439962
1499.487566,1000,229.629769
1652.047736,1000,230.314243
1556.069707,1000,230.503946
1589.195926,1000,230.695482
1624.494198,1000,231.363745
1574.826705,1000,231.553793
1533.295527,1000,232.191696
1467.835866,1000,232.382397
1581.150635,1000,233.007354
1600.380071,1000,233.200101
1567.824455,1000,233.949342
1631.852434,1000,234.142584
1529.857861,1000,234.801782
1608.482069,1000,234.993283
1604.329913,1000,235.579127
1527.330343,1000,235.765873
1594.588657,1000,236.360513
1509.458058,1000,236.550858
1559.104363,1000,237.211754
1585.840539,1000,237.411935
1507.813489,1000,238.106399
1649.073858,1000,238.297151
1543.362394,1000,238.876245
1613.369235,1000,239.06698
1581.49003,1000,239.662622
1550.603763,1000,239.85253
1574.697554,1000,240.42628
1618.905246,1000,240.623949
1566.852175,1000,241.341852
1492.762898,1000,241.550441
1628.408518,1000,242.147624
1605.660201,1000,242.347412
1553.692985,1000,242.93927
1605.915978,1000,243.142325
540.336868,1000,243.736418
1609.83438,1000,243.929434
1580.752232,1000,244.530346
1614.34491,1000,244.720283
1608.711059,1000,245.315308
1657.666674,1000,245.507822
1619.242502,1000,246.212012
1553.900231,1000,246.417604
1594.966603,1000,246.99933
1607.24099,1000,247.193563
1586.032799,1000,247.390786
1539.744249,1000,248.10605
1608.074199,1000,248.298122
688.066941,1000,248.879391
1587.428242,1000,249.071763
1572.5729,1000,249.642668
1588.252622,1000,249.830702
1574.361926,1000,250.404605
1597.420312,1000,250.592974
1573.31021,1000,251.248777
1628.772127,1000,251.439529
1617.954445,1000,252.139515
1585.938517,1000,252.329527
1543.317385,1000,253.045958
1582.382693,1000,253.235265
1608.153551,1000,253.903928
1575.832058,1000,254.098093
1605.057425,1000,254.803612
1509.408213,1000,254.993789
1533.999168,1000,255.661298
1463.491897,1000,255.84908
1567.612376,1000,256.419978
1575.232498,1000,256.608844
1538.362102,1000,257.240768
1563.985361,1000,257.434167
1457.906896,1000,258.030303
1594.015919,1000,258.24217
1563.449472,1000,258.825038
1644.754993,1000,259.01405
1590.765042,1000,259.631779
1614.842963,1000,259.824287
1625.118662,1000,260.606784
1443.858956,1000,260.797944
1563.752675,1000,261.374942
1589.399553,1000,261.58369
1586.159066,1000,262.225393
1563.746949,1000,262.416106
1594.276347,1000,262.977525
1601.383556,1000,263.174542
1560.557443,1000,263.746361
1535.798249,1000,263.944579
1594.227009,1000,264.542968
1564.480605,1000,264.731639
1534.658556,1000,264.923227
1533.37993,1000,265.592071
1562.721924,1000,265.779882
1608.520184,1000,266.388025
1411.068723,1000,266.584797
1656.03423,1000,267.159618
1529.695987,1000,267.349036
1670.107879,1000,267.952273
1576.662684,1000,268.141061
1250.165342,1000,268.820785
1587.953002,1000,269.011579
1510.847966,1000,269.666431
1596.411129,1000,269.854943
1557.311554,1000,270.536567
1582.290471,1000,270.725621
1634.879745,1000,271.321315
1493.427885,1000,271.513609
1611.081751,1000,272.100843
1585.897139,1000,272.290136
1591.71435,1000,272.863161
1606.611042,1000,273.057887
731.922714,1000,273.730187
1600.805246,1000,273.929249
1541.548456,1000,274.681838
1627.997537,1000,274.871659
1611.977297,1000,275.454362
1563.998284,1000,275.64283
1578.642768,1000,276.241781
1541.873172,1000,276.443944
765.76868,1000,277.021723
1600.227896,1000,277.214684
1616.030706,1000,277.906192
1580.788689,1000,278.117228
1616.583631,1000,278.788876
1532.341616,1000,278.992964
1567.371144,1000,279.652817
1613.857441,1000,279.845281
1636.495034,1000,280.428303
1561.846438,1000,280.618265
1570.322503,1000,281.196612
1291.866904,1000,281.390189
1599.970706,1000,281.988001
1583.425152,1000,282.181043
1508.552046,1000,282.370812
1623.464093,1000,283.034443
1604.098631,1000,283.223885
1590.363525,1000,283.914298
706.927862,1000,284.107666
1630.38783,1000,284.797031
1602.285182,1000,284.988864
1635.58717,1000,285.583889
1569.012747,1000,285.77158
1542.566579,1000,286.333857
1618.427836,1000,286.527431
1641.506154,1000,287.142679
1636.04205,1000,287.349214
1581.777733,1000,288.046444
1602.775014,1000,288.240483
1608.691436,1000,288.829936
1553.760469,1000,289.019535
1585.009398,1000,289.600168
1589.532329,1000,289.792086
1622.391063,1000,290.368018
1564.016536,1000,290.557333
1584.987561,1000,291.144674
1596.575561,1000,291.346215
1587.248524,1000,291.954384
1495.120164,1000,292.148492
1663.410939,1000,292.713416
1561.928424,1000,292.901743
1603.381392,1000,293.508033
1578.053446,1000,293.699757
1596.066163,1000,294.275727
1630.940879,1000,294.468506
1557.644827,1000,295.173297
1565.802002,1000,295.37038
1648.563087,1000,296.111948
1632.438115,1000,296.299599
1597.617286,1000,296.878159
1590.439862,1000,297.06775
1616.548121,1000,297.642991
1607.623492,1000,297.831338
1624.229501,1000,298.419506
1586.266578,1000,298.615993
1549.971601,1000,299.202452
1652.523813,1000,299.390998
1584.453368,1000,299.579521
1618.301106,1000,300.151364
1607.863774,1000,300.343985
1612.961179,1000,301.013972
1645.455081,1000,301.204426
1610.943167,1000,301.889454
1577.355782,1000,302.082569
1606.567922,1000,302.827262
1577.473259,1000,303.023192
1499.897566,1000,303.643874
1630.425856,1000,303.831334
1610.022357,1000,304.446483
1586.40679,1000,304.636301
1641.574071,1000,305.188091
1428.812572,1000,305.377444
1573.858741,1000,306.081836
1570.34468,1000,306.278857
1626.53762,1000,306.910952
1596.897023,1000,307.106286
1565.964366,1000,307.741225
1562.525082,1000,307.936903
1564.69708,1000,308.569355
1626.759311,1000,308.765192
1482.479368,1000,309.404982
1329.442498,1000,309.593856
1617.613499,1000,310.368534
633.653419,1000,310.558273
1571.71585,1000,311.24842
1557.731443,1000,311.44368
1620.846923,1000,312.152771
1617.126192,1000,312.347512
1604.668225,1000,312.909976
1611.877706,1000,313.09925
1585.676208,1000,313.730432
1607.363847,1000,313.919535
1612.620512,1000,314.568056
1649.96201,1000,314.757627
1412.405227,1000,315.447672
1534.839917,1000,315.64841
1551.969733,1000,316.379019
1626.795161,1000,316.576584
1608.279407,1000,317.507391
1592.187593,1000,317.697369
1574.03806,1000,317.887176
1618.378097,1000,318.432778
1566.228316,1000,318.623303
1632.351666,1000,319.169361
1602.355465,1000,319.358409
1565.006963,1000,319.956666
1565.521302,1000,320.146751
1601.858735,1000,320.816375
1620.664318,1000,321.010776
1588.750746,1000,321.618127
1557.568125,1000,321.810175
1586.10471,1000,322.742071
1579.286502,1000,322.94717
1501.850835,1000,323.686629
1585.745634,1000,323.882148
1604.962127,1000,324.584616
1559.951235,1000,324.790644
1610.412245,1000,325.433352
1587.346625,1000,325.635071
1596.2451,1000,326.275235
1577.068616,1000,326.464823
1587.356014,1000,327.039738
1587.734581,1000,327.229709
1582.499042,1000,327.896066
1277.692233,1000,328.085746
1596.044937,1000,328.776312
1575.375404,1000,328.965167
1574.266632,1000,329.585232
1615.006945,1000,329.773753
1610.609427,1000,330.482958
1583.627229,1000,330.672284
1540.847299,1000,331.269488
1551.777372,1000,331.459295
1603.226417,1000,332.045565
1587.508826,1000,332.238921
1599.752833,1000,332.789512
1571.463078,1000,332.979554
1624.489837,1000,333.530493
1566.430154,1000,333.719876
1441.139996,1000,334.271854
1596.613609,1000,334.462122
1569.468139,1000,335.007476
1558.277514,1000,335.197507
1592.971145,1000,335.386839
1608.098329,1000,335.929114
1531.912569,1000,336.118413
1580.162348,1000,336.682517
1461.317017,1000,336.871882
1543.814528,1000,337.424353
1533.231309,1000,337.613622
1498.574136,1000,338.218551
1533.090707,1000,338.406961
1580.848124,1000,339.013017
1627.423135,1000,339.202029
1529.287033,1000,339.860547
1569.880463,1000,340.049458
1565.470575,1000,340.652426
1605.732222,1000,340.843055
1443.766981,1000,341.505269
1568.006902,1000,341.693633
1563.293237,1000,342.238699
1450.732098,1000,342.427611
1566.277802,1000,342.968255
1550.716499,1000,343.158182
1480.146984,1000,343.704241
1590.783023,1000,343.893315
1517.655133,1000,344.472312
1564.293681,1000,344.662177
1561.300588,1000,345.337661
1450.204415,1000,345.526438
1554.162266,1000,346.087276
1551.144505,1000,346.281559
1578.541827,1000,346.89063
1601.339554,1000,347.079011
1511.123414,1000,347.627101
1620.37135,1000,347.816243
1659.790957,1000,348.374606
1562.47554,1000,348.561866
1565.29776,1000,349.186832
1573.108556,1000,349.373475
1618.187926,1000,349.91084
1595.459279,1000,350.099473
1613.417408,1000,350.638023
1554.021024,1000,350.827135
1567.120846,1000,351.015164
1379.51909,1000,351.552899
1615.733021,1000,351.740622
1608.831905,1000,352.311572
1589.754477,1000,352.498868
1513.616687,1000,353.042135
1587.96605,1000,353.229516
1582.068427,1000,353.780505
1569.695494,1000,353.968725
1554.404921,1000,354.518238
1610.753913,1000,354.705675
1570.10536,1000,355.250114
1595.059971,1000,355.437126
1519.881873,1000,355.98021
1485.626324,1000,356.169201
1614.247146,1000,356.711617
1529.854229,1000,356.899758
1621.130612,1000,357.446902
1559.831681,1000,357.634342
1611.450641,1000,358.22272
1549.675332,1000,358.409428
1613.216616,1000,359.011664
1566.550612,1000,359.199744
1588.589082,1000,359.7408
1525.554898,1000,359.928938
1547.007952,1000,360.50027
1600.702883,1000,360.688441
1622.405169,1000,361.241324
1638.390929,1000,361.429273
1572.483009,1000,361.974775
1489.110493,1000,362.16343
1606.964488,1000,362.71431
1594.081136,1000,362.90155
1623.370319,1000,363.517387
1469.350078,1000,363.705058
1594.408744,1000,364.259547
1594.409424,1000,364.447587
1561.126041,1000,364.988947
1649.789464,1000,365.177803
1628.862996,1000,365.716624
1636.236949,1000,365.904159
1602.830413,1000,366.457327
1572.666452,1000,366.644623
1601.349815,1000,366.831297
1595.75702,1000,367.375085
1552.608692,1000,367.563067
1523.090389,1000,368.105978
1621.495015,1000,368.293806
1474.137221,1000,368.833616
1570.387561,1000,369.02083
1574.195554,1000,369.56007
1400.976209,1000,369.747795
1609.210847,1000,370.29028
1589.52744,1000,370.477683
1599.370302,1000,371.034611
1647.734077,1000,371.222785
1620.550507,1000,371.825572
472.117892,1000,372.014709
1484.970072,1000,372.608373
1553.188567,1000,372.79699
1628.389521,1000,373.408382
1619.97989,1000,373.59657
1561.452637,1000,374.137093
1577.627745,1000,374.325246
1584.606594,1000,374.916892
1567.027953,1000,375.104686
1572.89084,1000,375.662415
1492.82242,1000,375.849873
1577.062646,1000,376.429554
1604.065549,1000,376.616819
1574.682578,1000,377.157292
1622.020492,1000,377.344815
1566.432524,1000,377.909021
1636.32156,1000,378.096692
307.376525,1000,378.652349
1547.078343,1000,378.840256
1480.484439,1000,379.447869
1531.967669,1000,379.636177
1603.18826,1000,380.192748
1574.081305,1000,380.381086
1387.786864,1000,380.922261
1597.634686,1000,381.109983
1549.657265,1000,381.696491
1582.933616,1000,381.8851
1605.664409,1000,382.429185
1562.807878,1000,382.62002
1603.324278,1000,382.810348
1407.353873,1000,383.352681
1513.905153,1000,383.539749
1610.459168,1000,384.081703
1588.288804,1000,384.269649
1370.109398,1000,384.81418
1521.427332,1000,385.002898
1608.785194,1000,385.54881
1589.696636,1000,385.737478
1610.277961,1000,386.279589
1544.074954,1000,386.467485
1587.856493,1000,387.008381
1573.728955,1000,387.198453
1522.038211,1000,387.799084
1600.315995,1000,387.987134
1573.69081,1000,388.548083
1585.25527,1000,388.736602
1580.003094,1000,389.308475
1615.622549,1000,389.498641
1552.413248,1000,390.096279
1479.707698,1000,390.286879
1600.155954,1000,391.008088
1550.248084,1000,391.198428
1629.810584,1000,391.797169
1607.530362,1000,391.987203
1600.676559,1000,392.614462
1595.173114,1000,392.803898
1584.717403,1000,393.413986
1589.841896,1000,393.602669
1570.382901,1000,394.165906
1620.919405,1000,394.355819
1573.382605,1000,394.899493
1622.817649,1000,395.089201
1626.146168,1000,395.639115
1578.662548,1000,395.828569
1576.543719,1000,396.417466
1611.211634,1000,396.607195
1623.973042,1000,397.243038
1498.629329,1000,397.431785
1458.229772,1000,398.18571
1596.964262,1000,398.372993
1605.254302,1000,399.351196
1525.922132,1000,399.552708
1553.403991,1000,399.748567
1572.531095,1000,400.377584
1575.298325,1000,400.566982
1613.532913,1000,401.202294
1529.228394,1000,401.395179
1543.008672,1000,402.019324
1608.911653,1000,402.216334
1261.312817,1000,403.044755
1580.644314,1000,403.237081
1597.92293,1000,403.846307
1635.710188,1000,404.035419
1482.842266,1000,404.62095
1588.608156,1000,404.827438
1590.207851,1000,405.388891
1577.57459,1000,405.577266
1555.052909,1000,406.126278
1571.200519,1000,406.315556
1619.00112,1000,406.862928
1593.983042,1000,407.053323
1559.037223,1000,407.60125
1581.709989,1000,407.790547
1590.286695,1000,408.345126
1584.186372,1000,408.534226
1511.323981,1000,409.086123
1635.942136,1000,409.281617
660.673894,1000,409.827995
1586.073504,1000,410.017688
1566.260746,1000,410.565465
1566.239213,1000,410.754691
1667.474636,1000,411.347451
1532.067223,1000,411.536656
1599.825319,1000,412.083499
1632.294819,1000,412.27363
1614.127489,1000,412.818758
1542.241111,1000,413.009378
1580.534805,1000,413.552752
1574.028254,1000,413.74174
1628.984709,1000,414.283547
1608.742092,1000,414.473482
1605.284341,1000,415.030564
1600.923172,1000,415.219545
1573.283638,1000,415.757729
1584.307315,1000,415.946174
1606.033793,1000,416.135213
1641.802412,1000,416.694431
1554.720525,1000,416.885094
1621.330338,1000,417.438491
1580.176926,1000,417.627122
1579.864607,1000,418.282606
1598.408044,1000,418.470766
1529.449152,1000,419.045397
1576.522945,1000,419.235679
1585.672285,1000,419.794202
1558.468287,1000,419.983824
1557.024108,1000,420.52586
1604.046336,1000,420.714433
1546.560628,1000,421.258569
1624.701059,1000,421.448717
1590.32859,1000,421.993408
1542.523367,1000,422.182824
1621.730378,1000,422.769003
1568.576661,1000,422.95782
1635.148638,1000,423.505291
1520.539174,1000,423.696749
1632.840512,1000,424.238581
1634.204286,1000,424.428644
1621.505589,1000,424.986501
1646.181047,1000,425.175855
1573.057973,1000,425.718995
1589.289745,1000,425.907331
1583.202671,1000,426.571109
1572.144938,1000,426.761037
1529.671869,1000,427.307854
1591.197945,1000,427.494683
1613.053853,1000,428.050527
1578.053063,1000,428.239577
1614.778454,1000,428.785176
1604.00359,1000,428.97504
1609.822705,1000,429.528939
1528.454549,1000,429.718316
1569.360545,1000,430.35026
1622.117913,1000,430.538165
1609.074344,1000,431.091076
1620.983428,1000,431.281004
1582.88511,1000,431.840771
1468.046848,1000,432.029774
1626.924163,1000,432.217935
1555.831627,1000,432.762492
1566.61369,1000,432.951746
1599.622063,1000,433.496019
1557.097321,1000,433.686214
1638.351317,1000,434.234177
1581.480997,1000,434.425853
1547.957262,1000,434.976078
1579.955788,1000,435.165403
1604.199595,1000,435.724116
1633.846735,1000,435.913818
1591.611099,1000,436.483958
1623.144829,1000,436.672841
1558.029417,1000,437.216045
1506.614487,1000,437.404186
1479.110834,1000,437.957492
1604.32987,1000,438.148309
1601.001954,1000,438.692976
1606.92573,1000,438.887033
1548.812548,1000,439.451531
1603.556296,1000,439.640996
1586.25294,1000,440.185433
1584.329611,1000,440.374915
1544.528776,1000,440.926144
1601.970871,1000,441.116359
1625.642811,1000,441.659858
1583.411252,1000,441.850012
1601.42816,1000,442.402407
1595.9658,1000,442.596
1586.946498,1000,443.140314
1525.035615,1000,443.328789
1607.583244,1000,443.872396
1630.675358,1000,444.062033
1584.57909,1000,444.647162
1517.929319,1000,444.836491
1543.283734,1000,445.383278
1571.6019,1000,445.573289
1577.717729,1000,446.120126
1545.064037,1000,446.308333
1568.876809,1000,446.849304
1544.142422,1000,447.038673
1576.282049,1000,447.227824
1623.685768,1000,447.77071
1590.192889,1000,447.960397
1577.890459,1000,448.506436
1408.188516,1000,448.695487
1618.594046,1000,449.236473
1577.415347,1000,449.425681
1578.599062,1000,449.966893
1637.280386,1000,450.155801
1584.04003,1000,450.700011
1662.425629,1000,450.890406
815.529103,1000,451.441923
1614.839209,1000,451.630759
1627.739556,1000,452.211537
1592.413724,1000,452.401217
1594.116474,1000,452.94469
1630.870582,1000,453.134706
1629.774901,1000,453.683987
1603.722037,1000,453.875153
1669.231786,1000,454.428215
1578.734936,1000,454.619284
1524.528922,1000,455.162491
1518.700768,1000,455.34956
1629.956829,1000,455.888397
1536.896409,1000,456.073844
1625.091545,1000,456.614831
1596.169972,1000,456.803124
1588.371068,1000,457.345459
1604.118192,1000,457.533491
1673.481183,1000,458.194937
1479.369141,1000,458.381465
1535.167563,1000,459.051543
1570.35538,1000,459.239249
1537.623903,1000,459.927639
1583.322963,1000,460.11685
1558.385259,1000,460.690705
1563.250915,1000,460.880281
1568.04981,1000,461.512941
1615.217614,1000,461.70318
1621.472164,1000,462.274303
1554.864979,1000,462.462093
1583.557963,1000,463.018698
1514.071584,1000,463.208386
1567.864155,1000,463.397579
1633.98888,1000,463.942737
1595.968911,1000,464.131579
1629.717107,1000,464.688542
1477.870053,1000,464.876201
1638.393902,1000,465.418124
1481.547891,1000,465.606726
1610.881511,1000,466.147977
1589.690391,1000,466.337251
1599.694561,1000,466.882593
1599.259108,1000,467.07204
1626.832712,1000,467.630965
1634.417283,1000,467.820377
1513.26685,1000,468.364752
1535.35852,1000,468.5533
1606.001171,1000,469.095072
1632.697255,1000,469.285294
1558.520356,1000,469.859007
1570.382676,1000,470.047725
1607.761738,1000,470.608215
1603.531602,1000,470.796614
1630.714258,1000,471.336865
1588.990634,1000,471.526723
1593.830427,1000,472.071613
1532.206841,1000,472.259547
1602.998257,1000,472.804239
1604.4182,1000,472.994119
1587.095934,1000,473.560749
1572.551806,1000,473.749301
1598.346406,1000,474.347688
1604.353696,1000,474.538311
1627.467069,1000,475.085732
1616.702196,1000,475.274498
1587.193128,1000,475.820357
1563.888794,1000,476.010718
1556.458291,1000,476.587308
1627.482773,1000,476.776324
1605.260617,1000,477.368587
1548.09607,1000,477.559481
1572.014787,1000,478.097474
1623.223303,1000,478.287054
1543.74986,1000,478.831351
1626.092776,1000,479.021269
1612.565156,1000,479.211105
1646.18233,1000,479.759135
1585.799772,1000,479.94761
1617.791507,1000,480.520357
1593.449651,1000,480.708002
1616.174898,1000,481.255758
1604.471872,1000,481.443306
1595.159243,1000,481.993117
1599.465319,1000,482.181651
1590.810378,1000,482.847261
1640.314702,1000,483.03516
1578.758322,1000,483.614862
1576.460745,1000,483.8037
1602.910004,1000,484.348169
1591.160255,1000,484.537194
1638.523816,1000,485.095009
1496.090177,1000,485.283544
1623.511022,1000,485.822066
1572.326449,1000,486.011882
1576.831083,1000,486.567477
1604.05384,1000,486.757385
1550.379282,1000,487.331155
1567.625038,1000,487.519511
1561.140455,1000,488.236304
1574.586087,1000,488.424871
1593.535217,1000,488.970203
1604.746674,1000,489.160196
1605.938084,1000,489.709146
1617.362644,1000,489.898386
1599.998539,1000,490.486613
1590.139498,1000,490.676972
1630.89402,1000,491.255192
1598.264825,1000,491.444005
1620.583707,1000,491.986643
1547.314594,1000,492.176476
1450.406651,1000,492.720027
1571.989464,1000,492.909044
1478.842118,1000,493.462452
1626.146402,1000,493.651894
1633.518249,1000,494.189381
1563.389095,1000,494.379383
1567.524673,1000,494.920221
1671.72979,1000,495.109745
1593.010171,1000,495.298805
1501.271019,1000,495.853635
1630.228863,1000,496.042497
1623.984084,1000,496.703442
1559.597183,1000,496.892624
1574.149705,1000,497.460086
1570.00185,1000,497.650198
1616.779379,1000,498.194894
1616.676885,1000,498.383499
1574.648317,1000,498.92627
1571.044485,1000,499.116257
1591.169893,1000,499.663468
1590.241491,1000,499.851764
1607.470713,1000,500.409246
1579.930197,1000,500.599098
1574.696269,1000,501.144946
1595.798843,1000,501.33486
1602.020881,1000,501.877392
1583.548034,1000,502.067262
1613.302769,1000,502.696118
1574.056052,1000,502.886129
1594.942475,1000,503.467026
1512.428841,1000,503.656682
1615.318526,1000,504.235523
1574.524135,1000,504.424744
1601.73361,1000,505.021384
1539.614418,1000,505.212576
1613.126078,1000,505.763556
1577.508133,1000,505.954523
1619.287298,1000,506.500082
1562.479261,1000,506.689964
1575.631497,1000,507.247977
1575.706652,1000,507.438567
1632.513241,1000,507.982162
1635.831293,1000,508.172551
1474.699522,1000,508.718136
1630.725718,1000,508.908432
1583.025804,1000,509.455186
1597.88448,1000,509.64528
1619.074625,1000,510.226109
1531.252157,1000,510.414854
1599.296705,1000,510.964494
1408.436239,1000,511.153291
1574.288464,1000,511.34334
1590.9411,1000,511.930258
1555.562347,1000,512.11964
1571.052175,1000,512.830896
1599.970754,1000,513.020555
1602.848668,1000,513.564893
1597.221765,1000,513.7531
1610.349628,1000,514.327499
1601.140651,1000,514.515509
1586.445178,1000,515.062039
1545.322496,1000,515.250486
1611.245562,1000,515.85406
1595.658622,1000,516.043378
1567.086525,1000,516.637887
1649.339441,1000,516.826712
1611.759438,1000,517.42649
1595.378631,1000,517.615225
1570.620438,1000,518.16518
1492.398569,1000,518.353589
1601.742443,1000,518.899946
1585.758489,1000,519.090194
1632.644861,1000,519.648785
1577.937451,1000,519.839834
1616.724946,1000,520.391717
1568.265927,1000,520.581456
1583.170263,1000,521.131919
1603.643736,1000,521.32374
1654.934597,1000,521.887755
1521.517985,1000,522.076336
1582.017968,1000,522.632597
1580.302375,1000,522.82196
1556.372192,1000,523.367733
1620.483746,1000,523.556493
1598.419553,1000,524.101268
1576.901899,1000,524.290151
1625.350899,1000,524.844107
1626.30117,1000,525.034733
1618.910961,1000,525.620932
1641.758709,1000,525.807603
1574.714748,1000,526.36384
1572.425408,1000,526.552749
1554.914332,1000,527.129053
1538.976479,1000,527.316408
1573.605694,1000,527.504176
1668.694452,1000,528.042744
1571.071627,1000,528.231847
1609.306129,1000,528.776855
1510.902244,1000,528.963991
1536.985542,1000,529.639129
1563.378836,1000,529.826937
1527.539394,1000,530.409539
1599.586509,1000,530.59948
1592.481483,1000,531.157232
1554.380164,1000,531.346377
1503.931587,1000,531.913415
1617.181395,1000,532.102471
1635.66246,1000,532.661442
1581.029055,1000,532.848661
1536.750828,1000,533.388378
1575.146204,1000,533.577753
1592.59752,1000,534.126798
1455.704976,1000,534.314625
1635.288693,1000,534.864478
1624.938906,1000,535.053376
1553.895224,1000,535.602967
1590.611106,1000,535.791282
1572.34521,1000,536.331925
1554.89083,1000,536.520891
1550.157172,1000,537.071782
1548.185321,1000,537.260033
1518.350325,1000,537.809211
1565.113502,1000,537.997117
1616.33125,1000,538.536755
1593.985548,1000,538.725111
1542.484034,1000,539.26986
1618.54839,1000,539.457659
1610.102896,1000,539.996812
1598.382984,1000,540.185979
1585.602384,1000,540.730957
1604.671448,1000,540.919624
1431.876588,1000,541.467294
1632.77242,1000,541.654146
1635.772053,1000,542.195804
1637.246629,1000,542.384006
1624.890829,1000,542.57238
1585.501612,1000,543.114711
1638.998065,1000,543.302866
1658.897092,1000,543.845555
1606.143985,1000,544.033828
1642.074678,1000,544.587867
1661.352589,1000,544.776343
1589.952705,1000,545.34748
1504.144593,1000,545.535796
1528.623673,1000,546.079648
1446.502622,1000,546.268794
1606.529775,1000,546.815687
1635.822084,1000,547.00484
1480.454693,1000,547.565544
1635.648169,1000,547.753746
1488.904075,1000,548.33348
1609.332857,1000,548.521958
1639.409027,1000,549.077366
1640.935645,1000,549.266733
1647.753469,1000,549.839853
1567.393085,1000,550.043993
1626.819942,1000,550.646365
1663.867445,1000,550.83964
1633.379529,1000,551.427691
1614.071457,1000,551.617617
1603.698989,1000,552.162772
1654.014746,1000,552.352221
1438.071858,1000,552.895684
1532.652706,1000,553.086247
1623.201742,1000,553.643097
1536.600659,1000,553.833134
1517.186718,1000,554.38141
1650.950841,1000,554.571113
1611.748199,1000,555.114263
1607.851597,1000,555.30363
1388.172932,1000,555.84971
1602.709542,1000,556.039232
1610.977881,1000,556.588516
1625.96079,1000,556.77771
1554.9227,1000,557.328286
1619.647037,1000,557.51783
1610.904518,1000,558.072746
1599.922738,1000,558.262328
1573.713263,1000,558.452129
1648.223085,1000,558.999896
1639.685519,1000,559.188545
1664.806167,1000,559.733172
1523.874704,1000,559.921243
1580.255697,1000,560.478859
1499.784789,1000,560.666798
1558.491705,1000,561.230693
1561.123445,1000,561.419029
1575.202848,1000,561.979599
1634.931406,1000,562.168337
1617.592312,1000,562.742509
1625.413748,1000,562.930917
1619.905328,1000,563.478685
1655.510029,1000,563.66624
1115.752886,1000,564.212535
1647.604461,1000,564.401087
1631.737993,1000,564.948839
1580.012832,1000,565.137429
1504.439065,1000,565.686052
1589.956366,1000,565.874722
1673.160065,1000,566.449409
1640.508295,1000,566.637494
1539.835474,1000,567.220874
1602.935331,1000,567.408633
1629.994612,1000,567.968756
1627.091618,1000,568.173105
1607.0932,1000,568.718386
1574.863557,1000,568.90483
1639.413864,1000,569.453235
1667.570036,1000,569.641177
1501.480569,1000,570.20638
1591.151582,1000,570.393867
1566.014785,1000,570.933749
1556.743155,1000,571.121329
1584.558095,1000,571.660001
1641.341708,1000,571.848077
1673.506969,1000,572.4029
1638.796483,1000,572.590723
1648.212011,1000,573.128456
1655.335681,1000,573.316841
1529.518866,1000,573.877281
1482.066366,1000,574.065985
1550.668139,1000,574.254725
1632.056705,1000,574.820271
1599.454923,1000,575.006903
1638.779473,1000,575.561839
1587.608783,1000,575.750838
1637.179271,1000,576.309441
1647.632089,1000,576.496784
1634.191411,1000,577.049154
1605.798702,1000,577.238546
1634.410259,1000,577.779469
1640.291523,1000,577.967962
1618.219445,1000,578.538947
1637.156325,1000,578.727304
1592.875931,1000,579.277399
1583.528948,1000,579.466027
1672.569407,1000,580.036117
1597.411921,1000,580.223897
1581.706999,1000,580.7982
1537.208678,1000,580.985162
1579.335592,1000,581.562825
1467.647973,1000,581.750939
1526.158833,1000,582.290435
1628.274189,1000,582.478624
1587.683011,1000,583.01578
1488.136265,1000,583.20605
1660.456336,1000,583.746471
1607.692185,1000,583.933813
1526.364634,1000,584.541198
1683.462481,1000,584.728832
1601.44118,1000,585.282686
1628.842211,1000,585.471406
1644.510213,1000,586.027997
1606.631622,1000,586.217113
1536.648644,1000,586.768691
1555.893243,1000,586.958382
1586.515571,1000,587.594417
1585.971026,1000,587.783532
1609.599072,1000,588.351876
1671.218703,1000,588.545505
1610.189375,1000,589.082489
1606.867201,1000,589.269507
1606.755292,1000,589.813244
1549.900532,1000,590.001065
1637.050404,1000,590.187451
1557.551049,1000,590.735005
1607.021301,1000,590.922302
1645.755525,1000,591.475875
1503.664397,1000,591.663251
1530.323956,1000,592.200767
1621.021282,1000,592.387584
1587.132635,1000,592.927244
1603.509504,1000,593.11355
1632.328755,1000,593.671616
1613.428458,1000,593.86038
1603.864314,1000,594.43134
1612.156222,1000,594.636688
1566.680907,1000,595.179165
1635.593228,1000,595.366538
1627.569328,1000,595.916807
1584.796371,1000,596.106425
1526.893032,1000,596.658762
1520.801796,1000,596.846815
1609.629321,1000,597.392209
1608.239226,1000,597.581277
1612.597662,1000,598.127303
1623.885102,1000,598.317838
1647.664386,1000,598.863317
1576.738524,1000,599.051783
1629.554539,1000,599.608296
1666.92566,1000,599.797327
1510.084477,1000,600.380403
1607.45858,1000,600.571896
1647.572294,1000,601.128006
1619.137213,1000,601.318056
1632.221035,1000,601.870434
1642.920057,1000,602.059169
1623.761446,1000,602.603528
1645.643312,1000,602.791491
1552.217398,1000,603.34509
1662.832686,1000,603.533658
1577.183942,1000,604.075948
1596.209922,1000,604.269625
1510.246056,1000,604.807206
1562.295011,1000,604.994866
1634.752432,1000,605.540236
1596.422991,1000,605.728376
1646.257,1000,605.91565
1646.545138,1000,606.489015
1591.561944,1000,606.676463
1600.097786,1000,607.212557
1615.457391,1000,607.402271
1514.439535,1000,607.938699
1676.01359,1000,608.126536
1659.633057,1000,608.665866
1592.414944,1000,608.853326
1647.321899,1000,609.399587
1613.223204,1000,609.585545
1610.830597,1000,610.129076
1624.444862,1000,610.317076
1548.141705,1000,610.856134
1665.594679,1000,611.043991
1583.477926,1000,611.58347
1493.876155,1000,611.77034
1579.417254,1000,612.31716
1594.754911,1000,612.503413
1648.640938,1000,613.040786
1629.537978,1000,613.228567
1620.554088,1000,613.774501
1647.118451,1000,613.962322
1581.338555,1000,614.611186
1543.653616,1000,614.800493
1630.627239,1000,615.366499
1544.70055,1000,615.55529
1604.447527,1000,616.096725
1618.776169,1000,616.285445
1646.846972,1000,616.827463
1609.891482,1000,617.017098
1633.488477,1000,617.593423
1517.465975,1000,617.782531
1561.904937,1000,618.325979
1644.123505,1000,618.51593
1650.615554,1000,619.060398
1620.227018,1000,619.250483
1648.847359,1000,619.794081
1608.38802,1000,619.986449
1634.007898,1000,620.527516
1504.988894,1000,620.71933
1605.079769,1000,621.265434
1535.096268,1000,621.455594
1589.990411,1000,621.646201
1393.66483,1000,622.218853
1564.234369,1000,622.406683
1603.529187,1000,622.94597
1642.274429,1000,623.133863
1549.589012,1000,623.671077
1562.618405,1000,623.861462
1590.54693,1000,624.425197
1612.725001,1000,624.613488
1569.729422,1000,625.222486
1610.542934,1000,625.411353
1557.080302,1000,625.959331
1586.427189,1000,626.146516
1567.772559,1000,626.690131
1555.526537,1000,626.878269
1555.255797,1000,627.418494
1592.150353,1000,627.606614
1625.817486,1000,628.146443
1320.189644,1000,628.334291
1576.808736,1000,628.874761
1623.839508,1000,629.062772
1576.841229,1000,629.601496
1581.723849,1000,629.789076
1662.980087,1000,630.332249
1623.304204,1000,630.520399
1577.059093,1000,631.065893
1553.816695,1000,631.253577
1642.907945,1000,631.823524
1548.832936,1000,632.013948
1602.878477,1000,632.596328
1289.438895,1000,632.784416
1593.276444,1000,633.344049
1584.431179,1000,633.53267
1557.745321,1000,634.110309
1588.350558,1000,634.301039
1619.058426,1000,634.846413
1609.054476,1000,635.036833
1583.542908,1000,635.580379
1484.549278,1000,635.771431
1562.682081,1000,636.32925
1609.408904,1000,636.519935
1451.051562,1000,636.709256
1582.875666,1000,637.251061
1621.801834,1000,637.440793
1599.95925,1000,637.98925
1568.013965,1000,638.179651
1626.263777,1000,638.723064
1602.759603,1000,638.912541
1631.56079,1000,639.45514
1593.457109,1000,639.644376
1569.905361,1000,640.194671
1608.543603,1000,640.383516
1625.767202,1000,640.944913
1549.319572,1000,641.134797
1641.317345,1000,641.760274
1558.46332,1000,641.949239
1608.898223,1000,642.507815
1573.584615,1000,642.695021
1591.985789,1000,643.235986
1467.838771,1000,643.423965
1615.911676,1000,643.961453
1589.585027,1000,644.149763
1608.779929,1000,644.687538
1532.720502,1000,644.875178
1661.741855,1000,645.41919
1629.338116,1000,645.606986
1643.025431,1000,646.151354
1583.799155,1000,646.338188
1501.189125,1000,646.897031
1626.255808,1000,647.08506
1563.368236,1000,647.663697
1608.229116,1000,647.852334
1584.83232,1000,648.418553
1643.155965,1000,648.606508
1654.370842,1000,649.153553
1523.247867,1000,649.34187
1593.464775,1000,649.880278
1491.889101,1000,650.068264
1634.086192,1000,650.625867
1388.685932,1000,650.813532
1625.904837,1000,651.368237
1572.961727,1000,651.556086
1589.606333,1000,652.093569
1609.980764,1000,652.2818
1622.628198,1000,652.469597
1627.672862,1000,653.055785
1608.038222,1000,653.24255
1615.372533,1000,653.823723
1647.568186,1000,654.010633
1590.957427,1000,654.558808
1662.784768,1000,654.746509
1651.194204,1000,655.328333
1641.668342,1000,655.51819
1534.191837,1000,656.072003
1609.046985,1000,656.260743
1553.938979,1000,656.79922
1659.184983,1000,656.986693
1586.356899,1000,657.545491
1623.748783,1000,657.732633
1544.466628,1000,658.292632
1615.713714,1000,658.48257
1596.116678,1000,659.027475
1660.23488,1000,659.215683
1591.481984,1000,659.763444
1571.483115,1000,659.951865
1499.603526,1000,660.561987
1608.426712,1000,660.752316
1621.823796,1000,661.320179
1621.074309,1000,661.510845
1573.935918,1000,662.099488
1591.084808,1000,662.289184
1643.253143,1000,662.850576
1426.914016,1000,663.038043
1593.278458,1000,663.618226
1577.587718,1000,663.808963
1656.115699,1000,664.368198
1544.428539,1000,664.558887
1575.525463,1000,665.104561
1613.772102,1000,665.292679
1607.2596,1000,665.834861
1628.37239,1000,666.023914
1551.719407,1000,666.582605
1659.642973,1000,666.77099
1547.905788,1000,667.359129
1616.681029,1000,667.547793
1668.143498,1000,668.103647
1349.061349,1000,668.291038
1597.596911,1000,668.478516
1570.089709,1000,669.044143
1557.34981,1000,669.231434
1631.059719,1000,669.772458
1547.518191,1000,669.960753
1647.846865,1000,670.546251
1650.719117,1000,670.734507
1578.070295,1000,671.289834
1528.640173,1000,671.477743
1628.087151,1000,672.01769
1611.153501,1000,672.204773
1598.948297,1000,672.745202
1575.41199,1000,672.932158
1657.592137,1000,673.470273
1644.595478,1000,673.658923
1605.338797,1000,674.198787
1607.181365,1000,674.387314
1626.996655,1000,674.927124
1571.04341,1000,675.115801
1572.389667,1000,675.766325
1568.840737,1000,675.955172
1615.870009,1000,676.49942
1606.729947,1000,676.686519
1633.800011,1000,677.236459
1600.877562,1000,677.424587
1666.262951,1000,677.967837
1680.84289,1000,678.156197
1620.352386,1000,678.701097
1619.633689,1000,678.888232
1544.307312,1000,679.465076
1539.8295,1000,679.652153
1661.085703,1000,680.199029
1591.403521,1000,680.386881
1667.615049,1000,680.928028
1632.920412,1000,681.116854
1631.861072,1000,681.684757
1207.235056,1000,681.872201
1564.508436,1000,682.443063
1505.14641,1000,682.630634
1605.069699,1000,683.179475
1653.800258,1000,683.368141
1453.960639,1000,683.931804
1583.662788,1000,684.120648
1480.706696,1000,684.309774
1571.166619,1000,684.905221
1591.521273,1000,685.092187
1633.514676,1000,685.637677
1611.899513,1000,685.826108
1624.602291,1000,686.380468
1634.764382,1000,686.567816
1573.29521,1000,687.108378
1633.329444,1000,687.295615
1605.323663,1000,687.832962
1655.409718,1000,688.020059
1579.354054,1000,688.585286
1598.155992,1000,688.771854
1632.529652,1000,689.318642
1640.989916,1000,689.507033
1547.159468,1000,690.064569
1664.16915,1000,690.254045
1604.221811,1000,690.79643
1646.343325,1000,690.985217
1676.331588,1000,691.539119
1592.047682,1000,691.728521
1596.906494,1000,692.278986
1554.85766,1000,692.467378
1631.696911,1000,693.133133
1625.581435,1000,693.322138
1543.539783,1000,693.863337
1636.319406,1000,694.053226
1593.011107,1000,694.617594
1483.549933,1000,694.806137
1585.553348,1000,695.361967
1585.686603,1000,695.550406
1615.666813,1000,696.094002
1638.245983,1000,696.284873
1595.504803,1000,696.827217
1594.576565,1000,697.017967
1567.785713,1000,697.560233
1600.117266,1000,697.753245
1589.289377,1000,698.431143
1590.032466,1000,698.622182
1557.073562,1000,699.181413
1564.888218,1000,699.371804
1566.065963,1000,699.927271
1424.953021,1000,700.1167
1636.918546,1000,700.309421
1605.912091,1000,700.858788
1634.239434,1000,701.04793
1654.317819,1000,701.647858
1545.90474,1000,701.837737
1592.317518,1000,702.380367
1277.142157,1000,702.568483
1589.974973,1000,703.107
1576.132452,1000,703.297079
1616.866356,1000,704.046935
1593.824159,1000,704.252658
1652.873775,1000,704.807072
1574.66505,1000,704.99741
1606.878701,1000,705.541364
1616.920649,1000,705.731504
674.296504,1000,706.273705
1505.419433,1000,706.462903
1513.738709,1000,707.003181
1573.952929,1000,707.193367
1576.237104,1000,707.764471
1638.555928,1000,707.953275
1614.965298,1000,708.509031
1616.270889,1000,708.697916
1579.104175,1000,709.243135
1462.177363,1000,709.433308
616.469178,1000,710.003121
1557.19786,1000,710.192605
1583.195874,1000,710.749685
1467.572335,1000,710.939376
1594.388587,1000,711.479823
1636.283199,1000,711.669518
1638.658645,1000,712.215959
1617.128499,1000,712.405764
1570.110955,1000,712.957394
1618.191458,1000,713.147034
1595.953726,1000,713.696859
1631.660071,1000,713.886992
1614.042754,1000,714.476857
1338.068815,1000,714.665752
1527.846145,1000,715.241236
1616.548933,1000,715.432436
1594.025654,1000,716.004547
1604.962762,1000,716.196049
1586.999315,1000,716.387338
1612.932148,1000,716.979375
1628.438324,1000,717.170798
1595.527934,1000,717.74288
1611.654502,1000,717.933115
1635.340007,1000,718.490426
1596.103387,1000,718.681288
1597.822427,1000,719.226107
1562.200965,1000,719.418194
1566.823919,1000,719.959255
1626.153459,1000,720.149299
1615.859991,1000,720.692368
1568.964211,1000,720.883537
1601.785803,1000,721.466352
1664.284309,1000,721.656493
1551.69014,1000,722.228465
1628.349706,1000,722.41898
1544.492871,1000,722.991547
1351.491564,1000,723.18146
1614.734576,1000,723.752577
1469.247929,1000,723.940958
1539.523765,1000,724.498445
1585.127063,1000,724.688168
1514.698643,1000,725.253976
1654.690057,1000,725.44422
1442.594762,1000,725.988103
1559.101684,1000,726.17871
1554.876744,1000,726.740391
1609.698763,1000,726.931346
1411.329336,1000,727.485808
1301.092299,1000,727.676209
1633.614646,1000,728.224256
1593.379197,1000,728.41353
1656.176007,1000,728.971527
1632.693752,1000,729.161179
1617.248069,1000,729.758858
1614.051447,1000,729.94927
1562.925647,1000,730.536882
1628.543542,1000,730.728861
1529.93612,1000,731.306128
1574.121467,1000,731.495752
1597.455081,1000,731.68579
1601.456561,1000,732.228739
1648.352433,1000,732.418776
1582.284339,1000,732.974122
1647.331109,1000,733.181024
1621.407727,1000,733.716846
1550.679665,1000,733.905203
1634.620598,1000,734.457861
1656.292479,1000,734.647618
1588.616881,1000,735.204238
1513.549343,1000,735.394182
1523.104786,1000,735.965514
1528.870248,1000,736.157379
1566.79339,1000,736.749727
1549.970021,1000,736.939545
1629.059502,1000,737.496325
1586.739743,1000,737.686269
1552.187443,1000,738.228631
1585.628054,1000,738.418606
1595.09905,1000,738.978827
1624.001016,1000,739.168936
1602.570232,1000,739.740409
1603.678456,1000,739.931267
1549.441579,1000,740.587531
1408.385379,1000,740.825143
1547.393609,1000,741.375785
1596.218533,1000,741.566031
1545.736566,1000,742.123311
1618.837806,1000,742.312787
1543.864386,1000,742.858364
1486.86226,1000,743.047529
1618.190037,1000,743.585572
1551.96143,1000,743.775317
1653.697556,1000,744.316618
1627.196826,1000,744.506197
1511.276555,1000,745.078077
1555.02482,1000,745.266669
1512.616996,1000,745.810534
1640.657403,1000,746.001245
1579.015785,1000,746.539654
1633.011372,1000,746.727715
482.084335,1000,747.26766
1539.627665,1000,747.457397
1322.426079,1000,747.647587
1401.692499,1000,748.219186
1546.046397,1000,748.408507
1564.560251,1000,748.951502
1561.123212,1000,749.141309
1695.59162,1000,749.725648
1595.479965,1000,749.914792
1615.500017,1000,750.506204
1506.818631,1000,750.695532
1576.426946,1000,751.241785
1603.525294,1000,751.431403
1578.47018,1000,751.971515
1623.807551,1000,752.161681
1601.238015,1000,752.732025
1485.843658,1000,752.921
1581.118932,1000,753.463349
1504.15505,1000,753.653026
1645.741596,1000,754.193504
1653.749573,1000,754.383782
1613.70325,1000,754.930194
1582.727415,1000,755.119176
1595.215767,1000,755.681231
1618.597561,1000,755.886022
1594.747801,1000,756.429212
1521.865792,1000,756.619009
1587.446306,1000,757.173781
1635.519478,1000,757.363016
1442.956596,1000,757.940584
1611.10792,1000,758.129733
1624.878917,1000,758.681664
1584.225517,1000,758.871805
1593.776622,1000,759.471348
1615.464711,1000,759.662162
1577.639234,1000,760.257049
1594.176749,1000,760.447233
1604.322471,1000,761.018206
1625.98148,1000,761.226274
1615.72373,1000,761.779439
1516.095762,1000,761.967286
1624.809917,1000,762.548684
1633.122337,1000,762.737044
1626.231687,1000,763.287649
1487.367217,1000,763.475612
1676.625402,1000,763.664446
278.079534,1000,764.208849
1515.999646,1000,764.397511
1527.719641,1000,764.937324
1622.550962,1000,765.126366
1637.90723,1000,765.668355
1404.459063,1000,765.857074
1597.051403,1000,766.400896
1577.269781,1000,766.59007
1564.83203,1000,767.151559
1574.533795,1000,767.338725
1543.124291,1000,767.875813
1603.580461,1000,768.064262
1421.614393,1000,768.622889
1659.559167,1000,768.810984
1670.180069,1000,769.345905
1550.20238,1000,769.533427
1571.244958,1000,770.067393
1623.693851,1000,770.255742
1586.291948,1000,770.81845
1570.778,1000,771.00604
540.324951,1000,771.583377
1301.118011,1000,771.771366
1570.054585,1000,772.362735
1596.216671,1000,772.550584
1586.498761,1000,773.110728
1566.684744,1000,773.298589
1596.749817,1000,773.856719
1593.085824,1000,774.045539
1616.173715,1000,774.611534
1572.605371,1000,774.802022
1564.76276,1000,775.340434
1617.056735,1000,775.529874
1549.466942,1000,776.075762
1576.348925,1000,776.263124
1605.8744,1000,776.831901
1608.104371,1000,777.019413
1607.681112,1000,777.593031
1570.963837,1000,777.78152
1410.723319,1000,778.356061
1645.619715,1000,778.545286
1597.416389,1000,779.102159
1580.233621,1000,779.290674
1569.461642,1000,779.478736
1585.486004,1000,780.017654
1566.18493,1000,780.207612
1572.209285,1000,780.746478
1595.634085,1000,780.934644
1661.972991,1000,781.474248
1447.810915,1000,781.662623
1599.633077,1000,782.234096
1562.940639,1000,782.423014
1571.217242,1000,783.016178
1587.682246,1000,783.203574
1570.596172,1000,783.780514
1324.182961,1000,783.967798
1679.198268,1000,784.536112
1655.366932,1000,784.724175
1632.901416,1000,785.318696
1571.140841,1000,785.506073
1622.749393,1000,786.082923
1617.676769,1000,786.271479
1519.310678,1000,787.961499
1544.30639,1000,788.149125
1600.552391,1000,788.686953
1595.660844,1000,788.875162
1641.298701,1000,789.473588
1682.682342,1000,789.662638
1599.280032,1000,790.290874
1473.095178,1000,790.479458
1630.522065,1000,791.086056
1458.465094,1000,791.276064
1628.79274,1000,791.860193
1588.527519,1000,792.049024
1601.924886,1000,792.602478
1664.530394,1000,792.79074
1611.134812,1000,793.348682
1642.78343,1000,793.536819
1608.183031,1000,794.087443
1588.918798,1000,794.274313
1509.556245,1000,794.843548
1626.958138,1000,795.032093
1613.442792,1000,795.577075
1645.636099,1000,795.766416
1636.904211,1000,796.36074
1614.712298,1000,796.549492
1633.930929,1000,796.738509
1611.936629,1000,797.426587
1615.192068,1000,797.61451
1640.718598,1000,798.160274
1629.380949,1000,798.348835
1547.071946,1000,798.919499
1658.916601,1000,799.1079
1641.571393,1000,799.719249
1654.510204,1000,799.905855
1464.225231,1000,800.45248
1315.277218,1000,800.640472
1605.363001,1000,801.184709
1544.105959,1000,801.371681
1649.083175,1000,801.907897
1596.111282,1000,802.097179
1510.643535,1000,802.646325
1617.670701,1000,802.834005
1521.853806,1000,803.376009
1610.309887,1000,803.564757
1603.753661,1000,804.119881
1612.627911,1000,804.309377
1609.252878,1000,804.865608
1626.419187,1000,805.054889
1625.694961,1000,805.622576
1594.97653,1000,805.810476
1611.308421,1000,806.389304
1533.950206,1000,806.577228
1562.070511,1000,807.149593
1614.91262,1000,807.338793
1592.171984,1000,807.891637
1470.492562,1000,808.080596
1626.983538,1000,808.61445
1566.62437,1000,808.803402
1621.74076,1000,809.343608
1551.088078,1000,809.531385
1599.661767,1000,810.100093
1598.413431,1000,810.289443
1525.971108,1000,810.852188
1541.95658,1000,811.04036
1521.677895,1000,811.599956
1595.670046,1000,811.787138
1654.899766,1000,812.331126
1070.952596,1000,812.519062
1619.044551,1000,812.707017
1542.067067,1000,813.245425
1531.311938,1000,813.436056
1590.891758,1000,814.009558
1646.549976,1000,814.197461
1484.55027,1000,814.7481
1590.680072,1000,814.93672
1613.610929,1000,815.529243
1552.967555,1000,815.716865
1658.522905,1000,816.264807
1440.974815,1000,816.454664
1666.94845,1000,816.991492
1613.683014,1000,817.181645
1624.87617,1000,817.719325
1679.532237,1000,817.908535
1344.055262,1000,818.60555
1417.21526,1000,818.793091
1642.818602,1000,819.516333
1647.524765,1000,819.706306
1653.757384,1000,820.378783
1600.749328,1000,820.567454
1495.434763,1000,821.169862
1620.084539,1000,821.35964
1674.564271,1000,821.929354
1602.776649,1000,822.118535
1422.321751,1000,822.697375
1650.130282,1000,822.887785
1606.120321,1000,823.471203
1614.785593,1000,823.662987
1637.216953,1000,824.222821
1612.558628,1000,824.410991
1632.08335,1000,825.800264
1590.981641,1000,826.007862
1662.335499,1000,826.834974
1662.738481,1000,827.034509
1644.712211,1000,827.667386
1593.17447,1000,827.873722
1642.52888,1000,828.514578
1603.135294,1000,828.712712
1630.815796,1000,829.37173
1609.315939,1000,829.574535
464.153412,1000,829.781152
1565.064762,1000,830.407521
1381.611356,1000,830.609539
1640.833493,1000,831.223139
1641.206646,1000,831.424287
1639.189936,1000,832.567315
1567.579198,1000,832.762886
1552.088084,1000,833.369919
1607.1719,1000,833.56638
1540.019177,1000,834.204658
1614.918593,1000,834.398924
1636.793834,1000,835.051475
1663.475049,1000,835.248689
1686.300229,1000,835.85256
1627.24053,1000,836.044032
1694.338779,1000,836.651477
1668.004764,1000,836.846282
1629.038867,1000,837.74118
1664.78508,1000,837.943087
1628.218401,1000,838.611881
1611.409538,1000,838.813891
1643.737016,1000,839.524854
1632.364488,1000,839.726474
1680.82771,1000,840.500512
1593.649435,1000,840.696548
1561.607623,1000,841.428792
1642.241999,1000,841.625018
1670.213064,1000,842.253819
1629.368519,1000,842.477726
1640.47043,1000,843.079042
1625.529053,1000,843.274067
1652.439383,1000,844.101112
1587.875773,1000,844.316543
1388.218802,1000,845.010079
1641.103063,1000,845.232405
1592.013287,1000,847.77089
1634.484101,1000,847.975
1660.703377,1000,848.665122
1641.929292,1000,848.866187
1591.973642,1000,849.603365
1617.924923,1000,849.805445
1631.658418,1000,850.485013
1625.185108,1000,850.677942
1663.048777,1000,850.867676
1453.24686,1000,852.628375
1661.438869,1000,852.816293
1606.768711,1000,853.363413
1660.897742,1000,853.550906
683.509183,1000,854.108813
1520.185711,1000,854.298902
1287.630969,1000,854.837941
1551.9776,1000,855.026815
1670.136908,1000,855.580893
1642.290448,1000,855.773272
1675.073471,1000,856.456015
1597.625539,1000,856.64513
1662.251039,1000,857.214556
1587.822494,1000,857.407934
1604.784465,1000,858.002452
1606.169276,1000,858.194561
1639.201648,1000,858.760497
1561.975229,1000,858.950243
1550.874206,1000,859.505907
1621.818713,1000,859.695471
1639.461102,1000,860.239669
1641.589416,1000,860.429613
1626.720026,1000,860.996331
1579.923541,1000,861.184889
1637.905351,1000,861.761332
1539.789516,1000,861.950272
1685.397045,1000,862.557423
1546.181251,1000,862.74688
1570.007544,1000,863.308566
1638.128845,1000,863.496945
1547.773733,1000,864.037438
1568.902575,1000,864.226708
1633.253619,1000,864.773285
1504.230612,1000,864.96178
1574.447477,1000,865.511401
1583.111988,1000,865.700915
516.63337,1000,866.24622
1431.603378,1000,866.436389
1577.970781,1000,866.990468
1508.565399,1000,867.183118
1642.866346,1000,867.732147
1664.021412,1000,867.920937
1565.676743,1000,868.111304
1575.157267,1000,868.655939
1598.596501,1000,868.847092
1588.169513,1000,869.41224
1580.422493,1000,869.601323
1628.938666,1000,870.147323
1570.175525,1000,870.336571
1618.700927,1000,870.881872
1467.140301,1000,871.070512
1596.478619,1000,871.612568
1589.057455,1000,871.801036
1625.544771,1000,872.351755
1578.019688,1000,872.541575
1621.518785,1000,873.086852
1605.482888,1000,873.277081
1625.874026,1000,873.850063
1594.136493,1000,874.039485
1579.008116,1000,874.581665
1578.722795,1000,874.770656
1380.368873,1000,875.311868
1596.398184,1000,875.500717
1651.419114,1000,876.075585
1357.043581,1000,876.265537
1374.441658,1000,876.824775
1612.159983,1000,877.014273
1436.340248,1000,877.695424
1621.488026,1000,877.884155
1632.095471,1000,878.434741
1581.597206,1000,878.622376
1526.613527,1000,879.186124
1492.377534,1000,879.373801
1626.873887,1000,879.927986
1596.856359,1000,880.116461
1577.987302,1000,880.65554
1424.681829,1000,880.842427
1561.595677,1000,881.542617
1572.32429,1000,881.732884
1519.415657,1000,882.422155
1607.440406,1000,882.61144
1463.317256,1000,883.15302
1660.683533,1000,883.341124
1576.534026,1000,883.882241
1633.566376,1000,884.072818
1502.920772,1000,884.261764
1538.257807,1000,884.802352
1520.849078,1000,885.008301
1633.791725,1000,885.568609
1672.401263,1000,885.756778
1659.988191,1000,886.297508
1561.228394,1000,886.484831
1587.899055,1000,887.025805
1643.42483,1000,887.21553
1618.998467,1000,887.756895
1611.800946,1000,887.94642
1622.27946,1000,888.50973
1625.798393,1000,888.698619
1658.989233,1000,889.248444
1567.498077,1000,889.445807
1616.225216,1000,889.9903
1626.482847,1000,890.178975
1601.120826,1000,890.721451
1613.658723,1000,890.909944
1548.702349,1000,891.470657
1657.81734,1000,891.661028
1567.691726,1000,892.206823
1604.931263,1000,892.395832
1662.662751,1000,892.943392
1637.807205,1000,893.134672
1623.493801,1000,893.71946
1604.654691,1000,893.908405
1548.973244,1000,894.520433
1599.638526,1000,894.711948
1602.596547,1000,895.273873
1553.758248,1000,895.463088
1514.215812,1000,896.023081
1591.777936,1000,896.21255
1526.293531,1000,896.763379
1603.600604,1000,896.952527
1551.52755,1000,897.532602
1556.513399,1000,897.721207
1534.695389,1000,898.263354
1532.670677,1000,898.45245
1598.307556,1000,899.024137
1502.383245,1000,899.213669
1411.588133,1000,899.795381
1610.964375,1000,899.98493
1540.670562,1000,900.174134
1496.940723,1000,900.834162
1580.973675,1000,901.022715
1595.686392,1000,901.561694
1541.101292,1000,901.750519
1577.929564,1000,902.291025
1421.052432,1000,902.478257
1369.970147,1000,903.014136
1577.312633,1000,903.202522
1618.448196,1000,903.740004
1545.451743,1000,903.926497
1467.099105,1000,904.463012
1510.538245,1000,904.650774
1479.967133,1000,905.192092
1606.882643,1000,905.380207
1460.566278,1000,905.982004
1587.706285,1000,906.173537
1515.384669,1000,906.727894
1545.433751,1000,906.91731
1630.100409,1000,907.469311
1583.693863,1000,907.658892
1515.621838,1000,908.231164
1638.082435,1000,908.419919
1587.567942,1000,908.976714
1322.618738,1000,909.165809
1611.231947,1000,909.70989
1608.121025,1000,909.900089
1441.029323,1000,910.481659
1630.210821,1000,910.671497
1636.881922,1000,911.215149
1632.310019,1000,911.40407
1642.387221,1000,911.957874
1555.290902,1000,912.14549
1563.553645,1000,912.692781
1629.253936,1000,912.88267
1602.915028,1000,913.447727
1533.083258,1000,913.635401
1543.153468,1000,914.210078
1627.6085,1000,914.399004
1593.528699,1000,914.962534
1566.645324,1000,915.15162
1425.905586,1000,915.690313
1510.710572,1000,915.881688
1279.509879,1000,916.069829
1593.916999,1000,916.609533
1562.531389,1000,916.797827
1511.506366,1000,917.359891
1641.525777,1000,917.548228
1600.276636,1000,918.096702
1565.804789,1000,918.285385
1606.725488,1000,918.824588
1645.119827,1000,919.013469
1576.388999,1000,919.557823
1643.087841,1000,919.746249
1605.616099,1000,920.288335
1526.299842,1000,920.478263
1649.386715,1000,921.020789
1577.830611,1000,921.210537
1576.737037,1000,921.783489
1599.016277,1000,921.973723
1493.0178,1000,922.536701
1571.218116,1000,922.727405
1671.333067,1000,923.277701
1169.66046,1000,923.465811
1596.58777,1000,924.028089
1646.700863,1000,924.216362
1453.888826,1000,924.758175
1599.179438,1000,924.947419
1585.515127,1000,925.505174
1594.289187,1000,925.693553
562.206687,1000,926.273416
1624.903602,1000,926.461552
1611.61636,1000,927.01641
1612.711589,1000,927.206339
1621.294951,1000,927.784961
1405.258733,1000,927.974171
1509.379944,1000,928.567501
1636.619563,1000,928.756298
1293.430449,1000,929.310793
1642.963723,1000,929.499847
1675.181684,1000,930.040749
1636.848677,1000,930.232809
1581.757711,1000,930.853061
1564.251653,1000,931.042748
556.641418,1000,931.248235
1283.417286,1000,931.869522
1608.381589,1000,932.060177
1533.038902,1000,932.602782
1645.358479,1000,932.791737
1588.49096,1000,933.427095
1558.462487,1000,933.63343
1622.74767,1000,934.193632
1522.120442,1000,934.402756
1610.579338,1000,934.94474
1645.857189,1000,935.13482
1600.005664,1000,935.711143
1549.161872,1000,935.899499
1720.035595,1000,936.45979
1446.092347,1000,936.649434
1602.029249,1000,937.196284
1527.384492,1000,937.386643
1577.065571,1000,937.96677
1541.3495,1000,938.155107
1659.44577,1000,938.82596
1606.798882,1000,939.014721
707.897271,1000,939.562611
1539.003853,1000,939.752323
1592.401301,1000,940.336704
1633.665768,1000,940.525569
1537.302231,1000,941.073426
1606.899823,1000,941.263923
1525.141109,1000,941.858009
1653.989694,1000,942.047644
1640.345758,1000,942.612348
1553.343075,1000,942.802531
1526.676921,1000,943.348635
1557.860539,1000,943.539596
1592.820529,1000,944.088284
1278.216115,1000,944.277612
1490.295026,1000,944.847455
1582.607779,1000,945.036477
1610.414157,1000,945.583738
1620.509167,1000,945.773501
1560.038735,1000,946.326887
1606.791506,1000,946.516713
1621.543589,1000,947.059609
1511.253567,1000,947.250128
1618.443339,1000,947.439793
1657.886111,1000,947.982837
1629.562705,1000,948.172426
1638.312464,1000,948.731363
1584.575272,1000,948.921715
1588.837466,1000,949.466929
1674.84488,1000,949.656054
1563.320504,1000,950.228006
1550.499879,1000,950.417133
1610.410055,1000,950.96193
1473.805801,1000,951.151041
1570.113996,1000,951.69569
1633.714983,1000,951.885563
1527.411777,1000,952.436607
1489.912032,1000,952.625786
1622.428695,1000,953.225528
1659.995893,1000,953.415228
1609.866499,1000,953.989261
1602.990196,1000,954.178807
513.473769,1000,954.757157
1525.103833,1000,954.945519
1555.966291,1000,955.503053
1612.476125,1000,955.693021
1636.740509,1000,956.235606
1599.142204,1000,956.424115
1574.053046,1000,956.967859
1407.91503,1000,957.157077
1637.825869,1000,957.703038
1597.224686,1000,957.891363
1606.85952,1000,958.475648
1659.736876,1000,958.66398
1545.077758,1000,959.219747
1400.072469,1000,959.40838
1647.561289,1000,959.954441
1630.104711,1000,960.144387
1547.919787,1000,960.682627
1529.369385,1000,960.870609
1678.546356,1000,961.421111
1577.139784,1000,961.609866
1623.634672,1000,962.150852
1615.58089,1000,962.339973
1618.528403,1000,962.886037
1666.294815,1000,963.076483
1609.590682,1000,963.266582
1301.82993,1000,963.80654
1631.211278,1000,963.99613
1580.907788,1000,964.54586
1605.774709,1000,964.736445
1621.065969,1000,965.293548
1682.934418,1000,965.482726
580.759655,1000,966.029652
1553.953174,1000,966.235341
1642.406727,1000,966.948483
1578.009429,1000,967.136893
1613.648385,1000,967.849881
1625.591246,1000,968.039397
1596.199341,1000,968.793827
1643.767422,1000,968.981742
1624.085606,1000,969.528783
1592.433593,1000,969.716577
1507.723532,1000,970.263983
1222.235392,1000,970.453038
1642.259028,1000,970.992647
1638.107781,1000,971.180779
1578.573149,1000,971.727321
1646.430091,1000,971.914803
1606.889813,1000,972.461877
1639.330599,1000,972.65018
1368.133099,1000,973.189217
1636.720603,1000,973.378218
1635.924541,1000,973.930038
1645.787167,1000,974.117466
1581.852488,1000,974.659313
1438.467576,1000,974.847317
1682.011875,1000,975.386951
1368.423839,1000,975.573249
1602.99627,1000,976.197427
1664.711615,1000,976.390443
1596.532529,1000,976.96136
1625.895529,1000,977.150597
1635.606413,1000,977.734891
1639.986493,1000,977.923024
1643.432752,1000,978.633228
1676.83534,1000,978.823856
1661.770528,1000,979.380378
1516.527099,1000,979.56828
1597.74926,1000,979.755334
1581.00515,1000,980.297109
1580.779169,1000,980.484606
1649.1037,1000,981.025969
1610.589411,1000,981.215017
1654.109625,1000,981.755021
1608.55879,1000,981.943179
1558.671178,1000,982.486998
1613.262184,1000,982.674762
1598.042341,1000,983.221303
1641.858884,1000,983.40901
1620.744294,1000,983.951518
1638.918391,1000,984.138568
1645.532936,1000,984.681536
1619.000918,1000,984.869742
1640.455831,1000,985.414032
1641.742019,1000,985.600636
1602.208722,1000,986.147138
1584.617392,1000,986.333972
1629.67358,1000,986.878072
1600.945753,1000,987.065796
1673.904512,1000,987.610648
1597.759199,1000,987.798587
1640.756031,1000,988.339538
1625.070331,1000,988.527039
1639.230123,1000,989.069475
573.335769,1000,989.258257
1677.142277,1000,989.799696
1381.895886,1000,989.98802
1501.48942,1000,990.551045
1610.615998,1000,990.738178
1608.584307,1000,991.279681
1640.557902,1000,991.46816
1578.16215,1000,992.012721
1516.770247,1000,992.200453
1530.454614,1000,992.74427
1450.757018,1000,992.932248
1585.325156,1000,993.475929
1579.613695,1000,993.663815
1604.04477,1000,994.202878
1652.83786,1000,994.391486
1632.77522,1000,994.947119
1621.946768,1000,995.13502
1619.898649,1000,995.322296
1426.14837,1000,996.0002
1643.855397,1000,996.188607
1622.860376,1000,996.744094
1585.871875,1000,996.931751
1682.042869,1000,997.57059
1636.931913,1000,997.758443
1591.143015,1000,998.328159
1595.532861,1000,998.514715
1639.305562,1000,999.055022
1590.29497,1000,999.244982
1609.67414,1000,999.789337
1660.086899,1000,999.977084
1606.317321,1000,1000.559561
1645.635974,1000,1000.746702
1589.960792,1000,1001.321167
1604.374507,1000,1001.509058
1594.454819,1000,1002.131466
1655.091537,1000,1002.319145
1509.835414,1000,1002.861015
1353.512302,1000,1003.049361
1662.691877,1000,1003.633143
1585.048658,1000,1003.822554
1605.239301,1000,1004.366077
1600.745125,1000,1004.554896
1648.38938,1000,1005.164326
1577.96327,1000,1005.353678
1656.407388,1000,1006.122767
1602.042776,1000,1006.322362
1625.533874,1000,1006.889145
1648.881137,1000,1007.077176
1598.698867,1000,1007.623889
1576.450647,1000,1007.816017
1613.485684,1000,1008.511078
1593.206307,1000,1008.700083
1633.704826,1000,1009.368451
1606.602887,1000,1009.556974
1632.107483,1000,1010.11325
1633.760795,1000,1010.302667
1612.305851,1000,1010.900801
492.172935,1000,1011.090815
1567.971512,1000,1011.631157
1525.271372,1000,1011.820993
1608.559507,1000,1012.010015
1548.226099,1000,1012.566267
1502.33401,1000,1012.755496
1607.76197,1000,1013.330526
1597.301106,1000,1013.520049
1541.619295,1000,1014.06739
1405.03695,1000,1014.25587
1482.442663,1000,1014.806054
1538.911485,1000,1014.995579
1542.934368,1000,1015.545069
1535.459347,1000,1015.733846
1633.382787,1000,1016.286944
1597.428302,1000,1016.475709
1623.239411,1000,1017.05268
1572.310396,1000,1017.242318
1607.210772,1000,1017.806602
1590.574422,1000,1017.995983
1562.033494,1000,1018.672871
1586.900866,1000,1018.860624
1685.701466,1000,1019.419155
1643.177879,1000,1019.606819
1641.679018,1000,1020.155991
1602.847363,1000,1020.344331
1580.709985,1000,1020.888848
1626.940167,1000,1021.076148
1586.861278,1000,1021.620465
1546.85064,1000,1021.810654
1582.497208,1000,1022.375366
1547.504511,1000,1022.56238
1642.151183,1000,1023.118804
1353.677011,1000,1023.306112
1593.553676,1000,1023.847792
1627.209145,1000,1024.034851
1624.927522,1000,1024.707963
1578.273,1000,1024.895065
237.453655,1000,1025.432311
1637.10666,1000,1025.620258
1620.671445,1000,1026.158475
1552.984593,1000,1026.34618
1562.864224,1000,1026.885304
1553.463883,1000,1027.073329
1631.975587,1000,1027.261383
1593.264349,1000,1027.800081
1471.675252,1000,1027.988849
1612.302321,1000,1028.532159
1577.770614,1000,1028.719804
1614.778365,1000,1029.261193
1617.392065,1000,1029.449493
1584.889616,1000,1029.99065
1578.651673,1000,1030.17748
1598.677024,1000,1030.72534
1601.08848,1000,1030.912842
1666.38417,1000,1031.466364
1609.580574,1000,1031.653545
1639.833327,1000,1032.208015
1577.566667,1000,1032.396012
1560.375198,1000,1032.935817
1507.130001,1000,1033.12348
1475.693349,1000,1033.660853
1583.281429,1000,1033.84856
1564.980182,1000,1034.416787
1640.95563,1000,1034.605677
1567.387494,1000,1035.149309
1645.034554,1000,1035.338821
1572.042378,1000,1035.902591
1629.21516,1000,1036.093938
1542.524294,1000,1036.75507
1481.672072,1000,1036.943261
1643.227126,1000,1037.521616
1626.085911,1000,1037.710692
1629.657294,1000,1038.29377
1613.268884,1000,1038.483391
1572.293883,1000,1039.047402
1591.054387,1000,1039.236278
1635.121753,1000,1039.797201
1625.075435,1000,1039.984734
1597.068839,1000,1040.530046
1592.375028,1000,1040.718388
1602.362552,1000,1041.300759
1627.359833,1000,1041.505824
1647.970812,1000,1042.071463
1604.320425,1000,1042.261142
1586.69988,1000,1042.905743
1639.120725,1000,1043.101927
1617.664756,1000,1043.295419
1641.819054,1000,1044.085904
1600.633079,1000,1044.274108
1602.537173,1000,1044.952977
1364.825519,1000,1045.145942
1661.037259,1000,1045.746068
1617.492959,1000,1045.934622
1351.226766,1000,1046.523501
1591.289041,1000,1046.711151
1618.031837,1000,1047.264204
1590.804681,1000,1047.45143
1679.005271,1000,1047.992916
1630.411428,1000,1048.180814
1659.513523,1000,1048.850971
1529.082569,1000,1049.038035
1656.308055,1000,1049.583138
1639.695102,1000,1049.77092
1640.769937,1000,1050.312661
1703.299334,1000,1050.501201
1547.489666,1000,1051.063714
448.517694,1000,1051.253676
1625.177316,1000,1051.81106
1580.466816,1000,1051.998973
1692.228061,1000,1052.54367
1657.10671,1000,1052.732614
1613.420838,1000,1053.302306
1621.163454,1000,1053.490894
1599.373993,1000,1054.040429
1612.023693,1000,1054.22981
1559.794367,1000,1054.790864
1632.412905,1000,1054.979315
1572.327715,1000,1055.573513
1615.414722,1000,1055.763196
1662.417431,1000,1056.307774
391.225521,1000,1056.498785
1597.981683,1000,1057.041981
1589.848997,1000,1057.231478
1640.963857,1000,1057.805597
1366.407595,1000,1057.99322
1594.85365,1000,1058.568142
1587.337768,1000,1058.758412
1492.655016,1000,1059.372657
1541.111226,1000,1059.561317
1641.474567,1000,1059.750377
1630.015916,1000,1060.30763
1474.050573,1000,1060.495237
1526.829143,1000,1061.038441
1552.475191,1000,1061.22734
1592.047652,1000,1061.798574
1610.151384,1000,1061.98682
1608.926996,1000,1062.616024
1594.866957,1000,1062.803017
1638.751322,1000,1063.353519
1613.957519,1000,1063.541247
1580.90016,1000,1064.084102
1653.18964,1000,1064.273139
1644.857928,1000,1064.825974
1632.390902,1000,1065.013946
1595.702813,1000,1065.706386
1625.255766,1000,1065.895229
1607.022288,1000,1066.441885
1625.856583,1000,1066.635276
1579.535117,1000,1067.190139
1648.909987,1000,1067.381482
1644.128614,1000,1067.920322
1646.774334,1000,1068.108471
1627.40454,1000,1068.654272
1658.872759,1000,1068.841443
1624.42508,1000,1069.387245
1615.683944,1000,1069.575047
1607.967482,1000,1070.144355
1328.450408,1000,1070.331997
1604.406375,1000,1070.895394
1462.670272,1000,1071.084045
1576.778667,1000,1071.651511
1575.631966,1000,1071.838499
1647.366794,1000,1072.411687
1583.307823,1000,1072.599109
1644.720533,1000,1073.181778
1606.409426,1000,1073.370582
1567.331717,1000,1073.946001
1669.599937,1000,1074.135405
1651.078376,1000,1074.712399
1614.705912,1000,1074.901013
1594.315742,1000,1075.443777
1583.585163,1000,1075.631731
1602.585102,1000,1075.819993
1604.272286,1000,1076.360822
1658.813684,1000,1076.54842
616.175549,1000,1077.149105
1662.120957,1000,1077.337978
1661.520951,1000,1077.995406
1624.976044,1000,1078.183408
1677.418519,1000,1078.753687
502.740757,1000,1078.943573
1601.578215,1000,1079.499195
1638.496142,1000,1079.687348
1655.571858,1000,1080.255725
1618.86349,1000,1080.447013
1415.442955,1000,1080.99021
1680.346322,1000,1081.179095
1511.58507,1000,1081.820336
1648.027057,1000,1082.009727
1654.628573,1000,1082.601541
1668.909365,1000,1082.793759
1644.587811,1000,1083.353139
1653.904869,1000,1083.541151
1556.91792,1000,1084.086388
1632.142893,1000,1084.274661
1616.226599,1000,1084.818859
1616.848304,1000,1085.00745
1456.217789,1000,1085.549804
1709.660296,1000,1085.73774
1526.42479,1000,1086.280973
1433.263365,1000,1086.468859
1587.794551,1000,1087.01189
1633.383542,1000,1087.201179
1564.32407,1000,1087.752569
1567.744749,1000,1087.940674
1570.172001,1000,1088.494057
1607.416621,1000,1088.682574
1613.577267,1000,1089.224587
1662.348516,1000,1089.41282
1635.143228,1000,1089.979904
1659.874214,1000,1090.168488
1630.392461,1000,1090.709835
1646.481384,1000,1090.899018
1667.408382,1000,1091.444093
1647.140353,1000,1091.632967
1648.546937,1000,1091.821603
1675.099983,1000,1092.379212
1558.160649,1000,1092.568494
1643.752992,1000,1093.132134
1582.12659,1000,1093.321549
1592.407366,1000,1093.890102
1638.620891,1000,1094.078175
1606.03655,1000,1094.655145
1632.446409,1000,1094.842882
1605.524019,1000,1095.383945
1650.027933,1000,1095.572198
1615.244502,1000,1096.130012
1656.250181,1000,1096.317535
1655.823156,1000,1096.859405
1655.806972,1000,1097.046826
1639.880866,1000,1097.717043
1692.285334,1000,1097.904898
1652.237449,1000,1098.453246
1654.14326,1000,1098.641922
1685.168472,1000,1099.190811
1543.272723,1000,1099.380081
1581.710522,1000,1099.920581
1655.428516,1000,1100.108028
1662.89539,1000,1100.668123
1660.910795,1000,1100.855265
1622.211582,1000,1101.411818
1653.35105,1000,1101.599648
1662.681191,1000,1102.152007
1670.487392,1000,1102.340181
1686.378777,1000,1102.888854
1665.883778,1000,1103.075613
1663.900302,1000,1103.633142
1599.653353,1000,1103.820803
1554.710072,1000,1104.362617
1635.955014,1000,1104.551077
1580.986547,1000,1105.098775
1542.060315,1000,1105.28616
1588.630662,1000,1105.831001
1592.314924,1000,1106.018452
1627.592456,1000,1106.571879
1639.973176,1000,1106.759948
1376.314972,1000,1107.306939
1403.670974,1000,1107.49478
1639.395497,1000,1107.682427
1634.663267,1000,1108.222017
1642.574669,1000,1108.409584
1664.268352,1000,1108.949287
1599.525935,1000,1109.13652
1655.205776,1000,1109.684062
1643.513902,1000,1109.871169
1616.338034,1000,1110.448303
1598.754614,1000,1110.636899
1620.774728,1000,1111.209278
1633.361878,1000,1111.398483
1597.457736,1000,1111.962005
1591.536069,1000,1112.15168
1621.230437,1000,1112.698761
1636.29836,1000,1112.887244
541.566343,1000,1113.438248
1536.967357,1000,1113.627573
1596.655971,1000,1114.30421
1553.385527,1000,1114.492599
1631.687788,1000,1115.053592
1556.860963,1000,1115.242124
1578.090833,1000,1115.78754
1618.278592,1000,1115.97589
1624.179318,1000,1116.524237
1583.106148,1000,1116.714662
1514.673894,1000,1117.259171
1563.884921,1000,1117.449981
1616.284974,1000,1118.094086
1614.570871,1000,1118.283128
1637.922984,1000,1118.971773
1553.179179,1000,1119.162116
1682.916798,1000,1119.762763
1540.551606,1000,1119.951845
1608.067381,1000,1120.525334
1650.40646,1000,1120.715581
1638.408982,1000,1121.273622
1391.872293,1000,1121.463818
1602.704117,1000,1122.036129
1366.507549,1000,1122.226398
1612.46508,1000,1122.813821
1511.813024,1000,1123.00277
1576.343756,1000,1123.193101
1642.739116,1000,1123.742321
1541.573504,1000,1123.930567
1670.023533,1000,1124.468933
1642.647008,1000,1124.656971
1652.412524,1000,1125.220667
1636.597997,1000,1125.408294
1457.110819,1000,1125.967776
1608.394045,1000,1126.155377
1623.319508,1000,1126.710443
1626.122173,1000,1126.900728
1654.014941,1000,1127.448461
1587.017871,1000,1127.636446
1666.366678,1000,1128.179989
1588.152722,1000,1128.366512
1636.768369,1000,1128.932496
1616.925355,1000,1129.121312
1584.447179,1000,1129.719947
1592.240798,1000,1129.910482
1482.531521,1000,1130.582411
1575.15168,1000,1130.768981
1516.574275,1000,1131.356432
1587.126961,1000,1131.545616
1588.212065,1000,1132.09195
1633.934416,1000,1132.283385
1590.180931,1000,1132.830802
1591.430568,1000,1133.021383
1592.568853,1000,1133.593461
1524.913216,1000,1133.780725
1304.15048,1000,1134.349156
1576.792281,1000,1134.53901
1544.612774,1000,1135.102455
1524.318336,1000,1135.291039
510.52503,1000,1135.886183
1622.444108,1000,1136.074888
1616.000007,1000,1136.635051
1624.436073,1000,1136.824088
1621.595685,1000,1137.368906
1594.83254,1000,1137.557271
1603.288036,1000,1138.099105
1612.380027,1000,1138.289282
1637.467207,1000,1138.853403
1589.665521,1000,1139.042492
1544.076061,1000,1139.232092
1566.161849,1000,1139.775549
1614.743799,1000,1139.964496
1601.675442,1000,1140.554037
1637.661659,1000,1140.742491
1602.598935,1000,1141.301353
1597.353422,1000,1141.489914
436.107049,1000,1142.035147
1610.134042,1000,1142.22274
1435.727438,1000,1142.780835
1608.205633,1000,1142.96876
1612.916645,1000,1143.564907
1652.205094,1000,1143.753887
1627.820259,1000,1144.329002
1633.234416,1000,1144.516623
1609.842766,1000,1145.094034
1652.695959,1000,1145.282618
1604.59232,1000,1145.865229
1591.367267,1000,1146.054034
1622.252946,1000,1146.651337
1611.001244,1000,1146.839283
1572.76863,1000,1147.393271
1611.780688,1000,1147.581079
1613.377802,1000,1148.135132
1639.95069,1000,1148.324331
1598.561098,1000,1148.894584
1628.229387,1000,1149.082544
1550.225555,1000,1149.629121
1651.253066,1000,1149.818253
1579.107724,1000,1150.421027
1636.713404,1000,1150.609235
1602.779702,1000,1151.187598
1585.939553,1000,1151.375544
1553.623233,1000,1151.918061
1573.793803,1000,1152.105927
1609.951256,1000,1152.683311
1591.654689,1000,1152.871893
1642.406522,1000,1153.452496
1594.727833,1000,1153.64028
1628.241298,1000,1154.181753
1571.504687,1000,1154.369403
1288.519134,1000,1154.918299
1561.270094,1000,1155.109299
1598.27689,1000,1155.295867
1659.093825,1000,1155.965844
1587.046622,1000,1156.159869
1608.530437,1000,1156.832961
1462.803454,1000,1157.024284
1570.057623,1000,1157.573013
1625.383025,1000,1157.762221
1654.196387,1000,1158.317531
1540.571958,1000,1158.507778
1610.501753,1000,1159.052352
1621.434987,1000,1159.240643
1660.784997,1000,1159.786563
1621.662402,1000,1159.974959
1659.412419,1000,1160.534199
1559.799026,1000,1160.722605
1637.213965,1000,1161.269465
1547.262997,1000,1161.457592
1601.840874,1000,1162.001168
1405.183046,1000,1162.189593
1683.359381,1000,1162.736733
1611.223607,1000,1162.925296
1527.923661,1000,1163.529013
1645.804625,1000,1163.716189
1612.592115,1000,1164.281207
1616.70052,1000,1164.47049
1657.482783,1000,1165.093196
1627.47826,1000,1165.28297
1636.332304,1000,1165.856515
1618.467972,1000,1166.045856
1647.443133,1000,1166.594604
1579.070337,1000,1166.782464
1652.906273,1000,1167.335384
1446.738845,1000,1167.523155
1639.913361,1000,1168.067606
1545.789859,1000,1168.255278
1656.235846,1000,1168.799422
1503.360531,1000,1168.989006
1605.289101,1000,1169.548089
1673.590973,1000,1169.737782
1592.592535,1000,1170.281901
1515.874988,1000,1170.470922
1599.800512,1000,1171.015364
1551.615584,1000,1171.203186
1580.643023,1000,1171.391137
1583.482563,1000,1171.96084
1597.531032,1000,1172.150178
1513.720764,1000,1172.724373
1634.201799,1000,1172.930239
1602.620526,1000,1173.469968
1555.656101,1000,1173.657779
1599.885048,1000,1174.202905
1623.938328,1000,1174.389829
1593.148811,1000,1174.937378
1528.684301,1000,1175.125216
1546.921661,1000,1175.664722
1294.793043,1000,1175.853155
1593.671818,1000,1176.419904
1453.516265,1000,1176.606726
1420.366213,1000,1177.148342
1666.662991,1000,1177.336481
1662.713192,1000,1177.877502
1632.583994,1000,1178.066172
1645.693793,1000,1178.715425
1584.493764,1000,1178.906553
1609.873942,1000,1179.449102
1588.208776,1000,1179.636898
1621.773868,1000,1180.177031
1588.519825,1000,1180.364367
1604.671914,1000,1180.909071
1664.702005,1000,1181.096851
1606.914507,1000,1181.729595
1620.479845,1000,1181.918568
1692.123982,1000,1182.639111
1584.909789,1000,1182.827088
1691.06932,1000,1183.416612
1574.752787,1000,1183.603973
1472.135345,1000,1184.14629
1695.00226,1000,1184.33508
1633.760003,1000,1184.904387
1486.111965,1000,1185.09153
1567.216519,1000,1185.648476
1529.966614,1000,1185.83689
1647.156443,1000,1186.396108
1530.833364,1000,1186.584476
1641.317458,1000,1187.162549
1545.103005,1000,1187.352197
1598.799496,1000,1187.541072
1613.578616,1000,1188.114096
1616.156729,1000,1188.302586
1654.451881,1000,1188.858618
381.497926,1000,1189.048517
1625.042384,1000,1189.600463
1661.994991,1000,1189.789793
1572.233239,1000,1190.34341
1623.259143,1000,1190.531816
1700.333269,1000,1191.074726
1622.956807,1000,1191.263834
1389.595667,1000,1191.806342
1629.365853,1000,1191.995781
